subset_size,subset_indices,AV,CC,PAIRS,CONS,alpha_AV,alpha_CC,alpha_PAIRS,alpha_CONS
0,[],0,0,0,0,0.0,0.0,0.0,0.0
1,[0],10,10,45,45,0.10416666666666667,0.29411764705882354,0.12396694214876033,0.08021390374331551
1,[1],8,8,28,28,0.08333333333333333,0.23529411764705882,0.07713498622589532,0.049910873440285206
1,[2],10,10,45,45,0.10416666666666667,0.29411764705882354,0.12396694214876033,0.08021390374331551
1,[3],18,18,153,153,0.1875,0.5294117647058824,0.4214876033057851,0.2727272727272727
1,[4],20,20,190,190,0.20833333333333334,0.5882352941176471,0.5234159779614325,0.33868092691622104
1,[5],11,11,55,55,0.11458333333333333,0.3235294117647059,0.15151515151515152,0.09803921568627451
1,[6],7,7,21,21,0.07291666666666667,0.20588235294117646,0.05785123966942149,0.0374331550802139
1,[7],12,12,66,66,0.125,0.35294117647058826,0.18181818181818182,0.11764705882352941
2,"[0, 1]",18,17,73,136,0.1875,0.5,0.20110192837465565,0.24242424242424243
2,"[0, 2]",20,16,84,120,0.20833333333333334,0.47058823529411764,0.23140495867768596,0.21390374331550802
2,"[0, 3]",28,22,183,231,0.2916666666666667,0.6470588235294118,0.5041322314049587,0.4117647058823529
2,"[0, 4]",30,22,207,231,0.3125,0.6470588235294118,0.5702479338842975,0.4117647058823529
2,"[0, 5]",21,20,100,190,0.21875,0.5882352941176471,0.27548209366391185,0.33868092691622104
2,"[0, 6]",17,14,63,91,0.17708333333333334,0.4117647058823529,0.17355371900826447,0.1622103386809269
2,"[0, 7]",22,18,105,153,0.22916666666666666,0.5294117647058824,0.2892561983471074,0.2727272727272727
2,"[1, 2]",18,13,63,78,0.1875,0.38235294117647056,0.17355371900826447,0.13903743315508021
2,"[1, 3]",26,20,166,190,0.2708333333333333,0.5882352941176471,0.4573002754820937,0.33868092691622104
2,"[1, 4]",28,24,212,276,0.2916666666666667,0.7058823529411765,0.5840220385674931,0.4919786096256685
2,"[1, 5]",19,16,80,120,0.19791666666666666,0.47058823529411764,0.22038567493112948,0.21390374331550802
2,"[1, 6]",15,14,49,91,0.15625,0.4117647058823529,0.1349862258953168,0.1622103386809269
2,"[1, 7]",20,16,88,120,0.20833333333333334,0.47058823529411764,0.24242424242424243,0.21390374331550802
2,"[2, 3]",28,23,188,253,0.2916666666666667,0.6764705882352942,0.5179063360881543,0.45098039215686275
2,"[2, 4]",30,26,229,325,0.3125,0.7647058823529411,0.6308539944903582,0.5793226381461676
2,"[2, 5]",21,18,97,153,0.21875,0.5294117647058824,0.26721763085399447,0.2727272727272727
2,"[2, 6]",17,17,66,66,0.17708333333333334,0.5,0.18181818181818182,0.11764705882352941
2,"[2, 7]",22,19,108,171,0.22916666666666666,0.5588235294117647,0.2975206611570248,0.3048128342245989
2,"[3, 4]",38,25,265,300,0.3958333333333333,0.7352941176470589,0.7300275482093664,0.5347593582887701
2,"[3, 5]",29,22,187,231,0.3020833333333333,0.6470588235294118,0.5151515151515151,0.4117647058823529
2,"[3, 6]",25,21,168,210,0.2604166666666667,0.6176470588235294,0.4628099173553719,0.37433155080213903
2,"[3, 7]",30,24,204,276,0.3125,0.7058823529411765,0.5619834710743802,0.4919786096256685
2,"[4, 5]",31,26,235,325,0.3229166666666667,0.7647058823529411,0.6473829201101928,0.5793226381461676
2,"[4, 6]",27,21,196,210,0.28125,0.6176470588235294,0.5399449035812672,0.37433155080213903
2,"[4, 7]",32,22,211,231,0.3333333333333333,0.6470588235294118,0.581267217630854,0.4117647058823529
2,"[5, 6]",18,17,76,136,0.1875,0.5,0.209366391184573,0.24242424242424243
2,"[5, 7]",23,20,118,190,0.23958333333333334,0.5882352941176471,0.325068870523416,0.33868092691622104
2,"[6, 7]",19,16,84,120,0.19791666666666666,0.47058823529411764,0.23140495867768596,0.21390374331550802
3,"[0, 1, 2]",28,19,102,171,0.2916666666666667,0.5588235294117647,0.2809917355371901,0.3048128342245989
3,"[0, 1, 3]",36,24,196,276,0.375,0.7058823529411765,0.5399449035812672,0.4919786096256685
3,"[0, 1, 4]",38,25,229,300,0.3958333333333333,0.7352941176470589,0.6308539944903582,0.5347593582887701
3,"[0, 1, 5]",29,24,125,276,0.3020833333333333,0.7058823529411765,0.3443526170798898,0.4919786096256685
3,"[0, 1, 6]",25,20,91,190,0.2604166666666667,0.5882352941176471,0.25068870523415976,0.33868092691622104
3,"[0, 1, 7]",30,21,127,210,0.3125,0.6176470588235294,0.349862258953168,0.37433155080213903
3,"[0, 2, 3]",38,25,213,300,0.3958333333333333,0.7352941176470589,0.5867768595041323,0.5347593582887701
3,"[0, 2, 4]",40,27,243,351,0.4166666666666667,0.7941176470588235,0.6694214876033058,0.6256684491978609
3,"[0, 2, 5]",31,23,136,253,0.3229166666666667,0.6764705882352942,0.3746556473829201,0.45098039215686275
3,"[0, 2, 6]",27,20,102,190,0.28125,0.5882352941176471,0.2809917355371901,0.33868092691622104
3,"[0, 2, 7]",32,23,142,253,0.3333333333333333,0.6764705882352942,0.39118457300275483,0.45098039215686275
3,"[0, 3, 4]",48,26,277,325,0.5,0.7647058823529411,0.7630853994490359,0.5793226381461676
3,"[0, 3, 5]",39,26,217,325,0.40625,0.7647058823529411,0.5977961432506887,0.5793226381461676
3,"[0, 3, 6]",35,24,196,276,0.3645833333333333,0.7058823529411765,0.5399449035812672,0.4919786096256685
3,"[0, 3, 7]",40,25,228,300,0.4166666666666667,0.7352941176470589,0.628099173553719,0.5347593582887701
3,"[0, 4, 5]",41,28,252,378,0.4270833333333333,0.8235294117647058,0.6942148760330579,0.6737967914438503
3,"[0, 4, 6]",37,23,213,253,0.3854166666666667,0.6764705882352942,0.5867768595041323,0.45098039215686275
3,"[0, 4, 7]",42,24,228,276,0.4375,0.7058823529411765,0.628099173553719,0.4919786096256685
3,"[0, 5, 6]",28,23,118,253,0.2916666666666667,0.6764705882352942,0.325068870523416,0.45098039215686275
3,"[0, 5, 7]",33,25,157,300,0.34375,0.7352941176470589,0.4325068870523416,0.5347593582887701
3,"[0, 6, 7]",29,20,120,190,0.3020833333333333,0.5882352941176471,0.3305785123966942,0.33868092691622104
3,"[1, 2, 3]",36,24,197,276,0.375,0.7058823529411765,0.5426997245179064,0.4919786096256685
3,"[1, 2, 4]",38,26,241,325,0.3958333333333333,0.7647058823529411,0.6639118457300276,0.5793226381461676
3,"[1, 2, 5]",29,21,115,210,0.3020833333333333,0.6176470588235294,0.3168044077134986,0.37433155080213903
3,"[1, 2, 6]",25,19,84,171,0.2604166666666667,0.5588235294117647,0.23140495867768596,0.3048128342245989
3,"[1, 2, 7]",30,19,120,171,0.3125,0.5588235294117647,0.3305785123966942,0.3048128342245989
3,"[1, 3, 4]",46,26,275,325,0.4791666666666667,0.7647058823529411,0.7575757575757576,0.5793226381461676
3,"[1, 3, 5]",37,23,198,253,0.3854166666666667,0.6764705882352942,0.5454545454545454,0.45098039215686275
3,"[1, 3, 6]",33,22,181,231,0.34375,0.6470588235294118,0.4986225895316804,0.4117647058823529
3,"[1, 3, 7]",38,24,212,276,0.3958333333333333,0.7058823529411765,0.5840220385674931,0.4919786096256685
3,"[1, 4, 5]",39,27,254,351,0.40625,0.7941176470588235,0.699724517906336,0.6256684491978609
3,"[1, 4, 6]",35,25,218,300,0.3645833333333333,0.7352941176470589,0.6005509641873278,0.5347593582887701
3,"[1, 4, 7]",40,25,230,300,0.4166666666666667,0.7352941176470589,0.6336088154269972,0.5347593582887701
3,"[1, 5, 6]",26,21,101,210,0.2708333333333333,0.6176470588235294,0.27823691460055094,0.37433155080213903
3,"[1, 5, 7]",31,22,137,231,0.3229166666666667,0.6470588235294118,0.3774104683195592,0.4117647058823529
3,"[1, 6, 7]",27,20,106,190,0.28125,0.5882352941176471,0.29201101928374656,0.33868092691622104
3,"[2, 3, 4]",48,28,295,378,0.5,0.8235294117647058,0.8126721763085399,0.6737967914438503
3,"[2, 3, 5]",39,26,220,325,0.40625,0.7647058823529411,0.6060606060606061,0.5793226381461676
3,"[2, 3, 6]",35,26,203,325,0.3645833333333333,0.7647058823529411,0.559228650137741,0.5793226381461676
3,"[2, 3, 7]",40,26,236,325,0.4166666666666667,0.7647058823529411,0.650137741046832,0.5793226381461676
3,"[2, 4, 5]",41,29,271,406,0.4270833333333333,0.8529411764705882,0.7465564738292011,0.7237076648841355
3,"[2, 4, 6]",37,27,235,351,0.3854166666666667,0.7941176470588235,0.6473829201101928,0.6256684491978609
3,"[2, 4, 7]",42,27,248,351,0.4375,0.7941176470588235,0.6831955922865014,0.6256684491978609
3,"[2, 5, 6]",28,24,118,276,0.2916666666666667,0.7058823529411765,0.325068870523416,0.4919786096256685
3,"[2, 5, 7]",33,25,157,300,0.34375,0.7352941176470589,0.4325068870523416,0.5347593582887701
3,"[2, 6, 7]",29,23,126,253,0.3020833333333333,0.6764705882352942,0.34710743801652894,0.45098039215686275
3,"[3, 4, 5]",49,29,299,406,0.5104166666666666,0.8529411764705882,0.8236914600550964,0.7237076648841355
3,"[3, 4, 6]",45,26,271,325,0.46875,0.7647058823529411,0.7465564738292011,0.5793226381461676
3,"[3, 4, 7]",50,27,286,351,0.5208333333333334,0.7941176470588235,0.7878787878787878,0.6256684491978609
3,"[3, 5, 6]",36,25,202,300,0.375,0.7352941176470589,0.5564738292011019,0.5347593582887701
3,"[3, 5, 7]",41,27,236,351,0.4270833333333333,0.7941176470588235,0.650137741046832,0.6256684491978609
3,"[3, 6, 7]",37,25,216,300,0.3854166666666667,0.7352941176470589,0.5950413223140496,0.5347593582887701
3,"[4, 5, 6]",38,27,241,351,0.3958333333333333,0.7941176470588235,0.6639118457300276,0.6256684491978609
3,"[4, 5, 7]",43,27,254,351,0.4479166666666667,0.7941176470588235,0.699724517906336,0.6256684491978609
3,"[4, 6, 7]",39,23,217,253,0.40625,0.6764705882352942,0.5977961432506887,0.45098039215686275
3,"[5, 6, 7]",30,23,136,253,0.3125,0.6764705882352942,0.3746556473829201,0.45098039215686275
4,"[0, 1, 2, 3]",46,26,222,325,0.4791666666666667,0.7647058823529411,0.6115702479338843,0.5793226381461676
4,"[0, 1, 2, 4]",48,27,255,351,0.5,0.7941176470588235,0.7024793388429752,0.6256684491978609
4,"[0, 1, 2, 5]",39,26,154,325,0.40625,0.7647058823529411,0.42424242424242425,0.5793226381461676
4,"[0, 1, 2, 6]",35,22,120,231,0.3645833333333333,0.6470588235294118,0.3305785123966942,0.4117647058823529
4,"[0, 1, 2, 7]",40,23,154,253,0.4166666666666667,0.6764705882352942,0.42424242424242425,0.45098039215686275
4,"[0, 1, 3, 4]",56,27,287,351,0.5833333333333334,0.7941176470588235,0.790633608815427,0.6256684491978609
4,"[0, 1, 3, 5]",47,27,228,351,0.4895833333333333,0.7941176470588235,0.628099173553719,0.6256684491978609
4,"[0, 1, 3, 6]",43,25,209,300,0.4479166666666667,0.7352941176470589,0.5757575757575758,0.5347593582887701
4,"[0, 1, 3, 7]",48,25,236,300,0.5,0.7352941176470589,0.650137741046832,0.5347593582887701
4,"[0, 1, 4, 5]",49,28,271,378,0.5104166666666666,0.8235294117647058,0.7465564738292011,0.6737967914438503
4,"[0, 1, 4, 6]",45,26,235,325,0.46875,0.7647058823529411,0.6473829201101928,0.5793226381461676
4,"[0, 1, 4, 7]",50,26,247,325,0.5208333333333334,0.7647058823529411,0.6804407713498623,0.5793226381461676
4,"[0, 1, 5, 6]",36,26,143,325,0.375,0.7647058823529411,0.3939393939393939,0.5793226381461676
4,"[0, 1, 5, 7]",41,26,176,325,0.4270833333333333,0.7647058823529411,0.48484848484848486,0.5793226381461676
4,"[0, 1, 6, 7]",37,23,142,253,0.3854166666666667,0.6764705882352942,0.39118457300275483,0.45098039215686275
4,"[0, 2, 3, 4]",58,29,305,406,0.6041666666666666,0.8529411764705882,0.8402203856749312,0.7237076648841355
4,"[0, 2, 3, 5]",49,28,245,378,0.5104166666666666,0.8235294117647058,0.6749311294765841,0.6737967914438503
4,"[0, 2, 3, 6]",45,27,226,351,0.46875,0.7941176470588235,0.6225895316804407,0.6256684491978609
4,"[0, 2, 3, 7]",50,27,256,351,0.5208333333333334,0.7941176470588235,0.7052341597796143,0.6256684491978609
4,"[0, 2, 4, 5]",51,30,285,435,0.53125,0.8823529411764706,0.7851239669421488,0.7754010695187166
4,"[0, 2, 4, 6]",47,28,249,378,0.4895833333333333,0.8235294117647058,0.6859504132231405,0.6737967914438503
4,"[0, 2, 4, 7]",52,28,262,378,0.5416666666666666,0.8235294117647058,0.721763085399449,0.6737967914438503
4,"[0, 2, 5, 6]",38,26,154,325,0.3958333333333333,0.7647058823529411,0.42424242424242425,0.5793226381461676
4,"[0, 2, 5, 7]",43,28,191,378,0.4479166666666667,0.8235294117647058,0.5261707988980716,0.6737967914438503
4,"[0, 2, 6, 7]",39,25,157,300,0.40625,0.7352941176470589,0.4325068870523416,0.5347593582887701
4,"[0, 3, 4, 5]",59,30,311,435,0.6145833333333334,0.8823529411764706,0.8567493112947658,0.7754010695187166
4,"[0, 3, 4, 6]",55,27,283,351,0.5729166666666666,0.7941176470588235,0.7796143250688705,0.6256684491978609
4,"[0, 3, 4, 7]",60,28,298,378,0.625,0.8235294117647058,0.8209366391184573,0.6737967914438503
4,"[0, 3, 5, 6]",46,28,230,378,0.4791666666666667,0.8235294117647058,0.6336088154269972,0.6737967914438503
4,"[0, 3, 5, 7]",51,28,260,378,0.53125,0.8235294117647058,0.7162534435261708,0.6737967914438503
4,"[0, 3, 6, 7]",47,26,238,325,0.4895833333333333,0.7647058823529411,0.6556473829201102,0.5793226381461676
4,"[0, 4, 5, 6]",48,29,258,406,0.5,0.8529411764705882,0.7107438016528925,0.7237076648841355
4,"[0, 4, 5, 7]",53,29,271,406,0.5520833333333334,0.8529411764705882,0.7465564738292011,0.7237076648841355
4,"[0, 4, 6, 7]",49,25,234,300,0.5104166666666666,0.7352941176470589,0.6446280991735537,0.5347593582887701
4,"[0, 5, 6, 7]",40,26,172,325,0.4166666666666667,0.7647058823529411,0.4738292011019284,0.5793226381461676
4,"[1, 2, 3, 4]",56,28,301,378,0.5833333333333334,0.8235294117647058,0.8292011019283747,0.6737967914438503
4,"[1, 2, 3, 5]",47,27,229,351,0.4895833333333333,0.7941176470588235,0.6308539944903582,0.6256684491978609
4,"[1, 2, 3, 6]",43,26,212,325,0.4479166666666667,0.7647058823529411,0.5840220385674931,0.5793226381461676
4,"[1, 2, 3, 7]",48,26,240,325,0.5,0.7647058823529411,0.6611570247933884,0.5793226381461676
4,"[1, 2, 4, 5]",49,29,283,406,0.5104166666666666,0.8529411764705882,0.7796143250688705,0.7237076648841355
4,"[1, 2, 4, 6]",45,27,247,351,0.46875,0.7941176470588235,0.6804407713498623,0.6256684491978609
4,"[1, 2, 4, 7]",50,27,257,351,0.5208333333333334,0.7941176470588235,0.7079889807162535,0.6256684491978609
4,"[1, 2, 5, 6]",36,26,136,325,0.375,0.7647058823529411,0.3746556473829201,0.5793226381461676
4,"[1, 2, 5, 7]",41,25,169,300,0.4270833333333333,0.7352941176470589,0.465564738292011,0.5347593582887701
4,"[1, 2, 6, 7]",37,23,138,253,0.3854166666666667,0.6764705882352942,0.38016528925619836,0.45098039215686275
4,"[1, 3, 4, 5]",57,29,307,406,0.59375,0.8529411764705882,0.8457300275482094,0.7237076648841355
4,"[1, 3, 4, 6]",53,27,281,351,0.5520833333333334,0.7941176470588235,0.7741046831955923,0.6256684491978609
4,"[1, 3, 4, 7]",58,27,293,351,0.6041666666666666,0.7941176470588235,0.8071625344352618,0.6256684491978609
4,"[1, 3, 5, 6]",44,25,213,300,0.4583333333333333,0.7352941176470589,0.5867768595041323,0.5347593582887701
4,"[1, 3, 5, 7]",49,27,242,351,0.5104166666666666,0.7941176470588235,0.6666666666666666,0.6256684491978609
4,"[1, 3, 6, 7]",45,25,224,300,0.46875,0.7352941176470589,0.6170798898071626,0.5347593582887701
4,"[1, 4, 5, 6]",46,28,260,378,0.4791666666666667,0.8235294117647058,0.7162534435261708,0.6737967914438503
4,"[1, 4, 5, 7]",51,28,270,378,0.53125,0.8235294117647058,0.743801652892562,0.6737967914438503
4,"[1, 4, 6, 7]",47,26,236,325,0.4895833333333333,0.7647058823529411,0.650137741046832,0.5793226381461676
4,"[1, 5, 6, 7]",38,25,155,300,0.3958333333333333,0.7352941176470589,0.42699724517906334,0.5347593582887701
4,"[2, 3, 4, 5]",59,31,327,465,0.6145833333333334,0.9117647058823529,0.9008264462809917,0.8288770053475936
4,"[2, 3, 4, 6]",55,29,301,406,0.5729166666666666,0.8529411764705882,0.8292011019283747,0.7237076648841355
4,"[2, 3, 4, 7]",60,29,314,406,0.625,0.8529411764705882,0.8650137741046832,0.7237076648841355
4,"[2, 3, 5, 6]",46,29,235,406,0.4791666666666667,0.8529411764705882,0.6473829201101928,0.7237076648841355
4,"[2, 3, 5, 7]",51,29,266,406,0.53125,0.8529411764705882,0.7327823691460055,0.7237076648841355
4,"[2, 3, 6, 7]",47,27,248,351,0.4895833333333333,0.7941176470588235,0.6831955922865014,0.6256684491978609
4,"[2, 4, 5, 6]",48,30,277,435,0.5,0.8823529411764706,0.7630853994490359,0.7754010695187166
4,"[2, 4, 5, 7]",53,30,288,435,0.5520833333333334,0.8823529411764706,0.7933884297520661,0.7754010695187166
4,"[2, 4, 6, 7]",49,28,254,378,0.5104166666666666,0.8235294117647058,0.699724517906336,0.6737967914438503
4,"[2, 5, 6, 7]",40,28,175,378,0.4166666666666667,0.8235294117647058,0.4820936639118457,0.6737967914438503
4,"[3, 4, 5, 6]",56,30,305,435,0.5833333333333334,0.8823529411764706,0.8402203856749312,0.7754010695187166
4,"[3, 4, 5, 7]",61,30,318,435,0.6354166666666666,0.8823529411764706,0.8760330578512396,0.7754010695187166
4,"[3, 4, 6, 7]",57,28,292,378,0.59375,0.8235294117647058,0.8044077134986226,0.6737967914438503
4,"[3, 5, 6, 7]",48,28,248,378,0.5,0.8235294117647058,0.6831955922865014,0.6737967914438503
4,"[4, 5, 6, 7]",50,28,260,378,0.5208333333333334,0.8235294117647058,0.7162534435261708,0.6737967914438503
5,"[0, 1, 2, 3, 4]",66,29,311,406,0.6875,0.8529411764705882,0.8567493112947658,0.7237076648841355
5,"[0, 1, 2, 3, 5]",57,29,254,406,0.59375,0.8529411764705882,0.699724517906336,0.7237076648841355
5,"[0, 1, 2, 3, 6]",53,27,235,351,0.5520833333333334,0.7941176470588235,0.6473829201101928,0.6256684491978609
5,"[0, 1, 2, 3, 7]",58,27,260,351,0.6041666666666666,0.7941176470588235,0.7162534435261708,0.6256684491978609
5,"[0, 1, 2, 4, 5]",59,30,297,435,0.6145833333333334,0.8823529411764706,0.8181818181818182,0.7754010695187166
5,"[0, 1, 2, 4, 6]",55,28,261,378,0.5729166666666666,0.8235294117647058,0.71900826446281,0.6737967914438503
5,"[0, 1, 2, 4, 7]",60,28,271,378,0.625,0.8235294117647058,0.7465564738292011,0.6737967914438503
5,"[0, 1, 2, 5, 6]",46,28,172,378,0.4791666666666667,0.8235294117647058,0.4738292011019284,0.6737967914438503
5,"[0, 1, 2, 5, 7]",51,28,203,378,0.53125,0.8235294117647058,0.559228650137741,0.6737967914438503
5,"[0, 1, 2, 6, 7]",47,25,169,300,0.4895833333333333,0.7352941176470589,0.465564738292011,0.5347593582887701
5,"[0, 1, 3, 4, 5]",67,30,319,435,0.6979166666666666,0.8823529411764706,0.8787878787878788,0.7754010695187166
5,"[0, 1, 3, 4, 6]",63,28,293,378,0.65625,0.8235294117647058,0.8071625344352618,0.6737967914438503
5,"[0, 1, 3, 4, 7]",68,28,305,378,0.7083333333333334,0.8235294117647058,0.8402203856749312,0.6737967914438503
5,"[0, 1, 3, 5, 6]",54,28,241,378,0.5625,0.8235294117647058,0.6639118457300276,0.6737967914438503
5,"[0, 1, 3, 5, 7]",59,28,266,378,0.6145833333333334,0.8235294117647058,0.7327823691460055,0.6737967914438503
5,"[0, 1, 3, 6, 7]",55,26,246,325,0.5729166666666666,0.7647058823529411,0.6776859504132231,0.5793226381461676
5,"[0, 1, 4, 5, 6]",56,29,277,406,0.5833333333333334,0.8529411764705882,0.7630853994490359,0.7237076648841355
5,"[0, 1, 4, 5, 7]",61,29,287,406,0.6354166666666666,0.8529411764705882,0.790633608815427,0.7237076648841355
5,"[0, 1, 4, 6, 7]",57,27,253,351,0.59375,0.7941176470588235,0.696969696969697,0.6256684491978609
5,"[0, 1, 5, 6, 7]",48,27,191,351,0.5,0.7941176470588235,0.5261707988980716,0.6256684491978609
5,"[0, 2, 3, 4, 5]",69,32,337,496,0.71875,0.9411764705882353,0.928374655647383,0.8841354723707665
5,"[0, 2, 3, 4, 6]",65,30,311,435,0.6770833333333334,0.8823529411764706,0.8567493112947658,0.7754010695187166
5,"[0, 2, 3, 4, 7]",70,30,324,435,0.7291666666666666,0.8823529411764706,0.8925619834710744,0.7754010695187166
5,"[0, 2, 3, 5, 6]",56,30,258,435,0.5833333333333334,0.8823529411764706,0.7107438016528925,0.7754010695187166
5,"[0, 2, 3, 5, 7]",61,30,286,435,0.6354166666666666,0.8823529411764706,0.7878787878787878,0.7754010695187166
5,"[0, 2, 3, 6, 7]",57,28,266,378,0.59375,0.8235294117647058,0.7327823691460055,0.6737967914438503
5,"[0, 2, 4, 5, 6]",58,31,291,465,0.6041666666666666,0.9117647058823529,0.8016528925619835,0.8288770053475936
5,"[0, 2, 4, 5, 7]",63,31,302,465,0.65625,0.9117647058823529,0.8319559228650137,0.8288770053475936
5,"[0, 2, 4, 6, 7]",59,29,268,406,0.6145833333333334,0.8529411764705882,0.7382920110192838,0.7237076648841355
5,"[0, 2, 5, 6, 7]",50,29,206,406,0.5208333333333334,0.8529411764705882,0.5674931129476584,0.7237076648841355
5,"[0, 3, 4, 5, 6]",66,31,317,465,0.6875,0.9117647058823529,0.8732782369146006,0.8288770053475936
5,"[0, 3, 4, 5, 7]",71,31,330,465,0.7395833333333334,0.9117647058823529,0.9090909090909091,0.8288770053475936
5,"[0, 3, 4, 6, 7]",67,29,304,406,0.6979166666666666,0.8529411764705882,0.837465564738292,0.7237076648841355
5,"[0, 3, 5, 6, 7]",58,29,270,406,0.6041666666666666,0.8529411764705882,0.743801652892562,0.7237076648841355
5,"[0, 4, 5, 6, 7]",60,30,277,435,0.625,0.8823529411764706,0.7630853994490359,0.7754010695187166
5,"[1, 2, 3, 4, 5]",67,31,333,465,0.6979166666666666,0.9117647058823529,0.9173553719008265,0.8288770053475936
5,"[1, 2, 3, 4, 6]",63,29,307,406,0.65625,0.8529411764705882,0.8457300275482094,0.7237076648841355
5,"[1, 2, 3, 4, 7]",68,29,317,406,0.7083333333333334,0.8529411764705882,0.8732782369146006,0.7237076648841355
5,"[1, 2, 3, 5, 6]",54,29,244,406,0.5625,0.8529411764705882,0.6721763085399449,0.7237076648841355
5,"[1, 2, 3, 5, 7]",59,29,270,406,0.6145833333333334,0.8529411764705882,0.743801652892562,0.7237076648841355
5,"[1, 2, 3, 6, 7]",55,27,252,351,0.5729166666666666,0.7941176470588235,0.6942148760330579,0.6256684491978609
5,"[1, 2, 4, 5, 6]",56,30,289,435,0.5833333333333334,0.8823529411764706,0.7961432506887053,0.7754010695187166
5,"[1, 2, 4, 5, 7]",61,30,297,435,0.6354166666666666,0.8823529411764706,0.8181818181818182,0.7754010695187166
5,"[1, 2, 4, 6, 7]",57,28,263,378,0.59375,0.8235294117647058,0.7245179063360881,0.6737967914438503
5,"[1, 2, 5, 6, 7]",48,28,187,378,0.5,0.8235294117647058,0.5151515151515151,0.6737967914438503
5,"[1, 3, 4, 5, 6]",64,30,313,435,0.6666666666666666,0.8823529411764706,0.8622589531680441,0.7754010695187166
5,"[1, 3, 4, 5, 7]",69,30,323,435,0.71875,0.8823529411764706,0.8898071625344353,0.7754010695187166
5,"[1, 3, 4, 6, 7]",65,28,299,378,0.6770833333333334,0.8235294117647058,0.8236914600550964,0.6737967914438503
5,"[1, 3, 5, 6, 7]",56,28,254,378,0.5833333333333334,0.8235294117647058,0.699724517906336,0.6737967914438503
5,"[1, 4, 5, 6, 7]",58,29,276,406,0.6041666666666666,0.8529411764705882,0.7603305785123967,0.7237076648841355
5,"[2, 3, 4, 5, 6]",66,32,333,496,0.6875,0.9411764705882353,0.9173553719008265,0.8841354723707665
5,"[2, 3, 4, 5, 7]",71,32,344,496,0.7395833333333334,0.9411764705882353,0.9476584022038568,0.8841354723707665
5,"[2, 3, 4, 6, 7]",67,30,320,435,0.6979166666666666,0.8823529411764706,0.8815426997245179,0.7754010695187166
5,"[2, 3, 5, 6, 7]",58,30,278,435,0.6041666666666666,0.8823529411764706,0.7658402203856749,0.7754010695187166
5,"[2, 4, 5, 6, 7]",60,31,294,465,0.625,0.9117647058823529,0.8099173553719008,0.8288770053475936
5,"[3, 4, 5, 6, 7]",68,31,324,465,0.7083333333333334,0.9117647058823529,0.8925619834710744,0.8288770053475936
6,"[0, 1, 2, 3, 4, 5]",77,32,343,496,0.8020833333333334,0.9411764705882353,0.9449035812672176,0.8841354723707665
6,"[0, 1, 2, 3, 4, 6]",73,30,317,435,0.7604166666666666,0.8823529411764706,0.8732782369146006,0.7754010695187166
6,"[0, 1, 2, 3, 4, 7]",78,30,327,435,0.8125,0.8823529411764706,0.9008264462809917,0.7754010695187166
6,"[0, 1, 2, 3, 5, 6]",64,30,267,435,0.6666666666666666,0.8823529411764706,0.7355371900826446,0.7754010695187166
6,"[0, 1, 2, 3, 5, 7]",69,30,290,435,0.71875,0.8823529411764706,0.7988980716253443,0.7754010695187166
6,"[0, 1, 2, 3, 6, 7]",65,28,270,378,0.6770833333333334,0.8235294117647058,0.743801652892562,0.6737967914438503
6,"[0, 1, 2, 4, 5, 6]",66,31,303,465,0.6875,0.9117647058823529,0.8347107438016529,0.8288770053475936
6,"[0, 1, 2, 4, 5, 7]",71,31,311,465,0.7395833333333334,0.9117647058823529,0.8567493112947658,0.8288770053475936
6,"[0, 1, 2, 4, 6, 7]",67,29,277,406,0.6979166666666666,0.8529411764705882,0.7630853994490359,0.7237076648841355
6,"[0, 1, 2, 5, 6, 7]",58,29,218,406,0.6041666666666666,0.8529411764705882,0.6005509641873278,0.7237076648841355
6,"[0, 1, 3, 4, 5, 6]",74,31,325,465,0.7708333333333334,0.9117647058823529,0.8953168044077136,0.8288770053475936
6,"[0, 1, 3, 4, 5, 7]",79,31,335,465,0.8229166666666666,0.9117647058823529,0.9228650137741047,0.8288770053475936
6,"[0, 1, 3, 4, 6, 7]",75,29,311,406,0.78125,0.8529411764705882,0.8567493112947658,0.7237076648841355
6,"[0, 1, 3, 5, 6, 7]",66,29,276,406,0.6875,0.8529411764705882,0.7603305785123967,0.7237076648841355
6,"[0, 1, 4, 5, 6, 7]",68,30,293,435,0.7083333333333334,0.8823529411764706,0.8071625344352618,0.7754010695187166
6,"[0, 2, 3, 4, 5, 6]",76,33,343,528,0.7916666666666666,0.9705882352941176,0.9449035812672176,0.9411764705882353
6,"[0, 2, 3, 4, 5, 7]",81,33,354,528,0.84375,0.9705882352941176,0.9752066115702479,0.9411764705882353
6,"[0, 2, 3, 4, 6, 7]",77,31,330,465,0.8020833333333334,0.9117647058823529,0.9090909090909091,0.8288770053475936
6,"[0, 2, 3, 5, 6, 7]",68,31,296,465,0.7083333333333334,0.9117647058823529,0.8154269972451791,0.8288770053475936
6,"[0, 2, 4, 5, 6, 7]",70,32,308,496,0.7291666666666666,0.9411764705882353,0.8484848484848485,0.8841354723707665
6,"[0, 3, 4, 5, 6, 7]",78,32,336,496,0.8125,0.9411764705882353,0.9256198347107438,0.8841354723707665
6,"[1, 2, 3, 4, 5, 6]",74,32,339,496,0.7708333333333334,0.9411764705882353,0.9338842975206612,0.8841354723707665
6,"[1, 2, 3, 4, 5, 7]",79,32,347,496,0.8229166666666666,0.9411764705882353,0.9559228650137741,0.8841354723707665
6,"[1, 2, 3, 4, 6, 7]",75,30,323,435,0.78125,0.8823529411764706,0.8898071625344353,0.7754010695187166
6,"[1, 2, 3, 5, 6, 7]",66,30,282,435,0.6875,0.8823529411764706,0.7768595041322314,0.7754010695187166
6,"[1, 2, 4, 5, 6, 7]",68,31,303,465,0.7083333333333334,0.9117647058823529,0.8347107438016529,0.8288770053475936
6,"[1, 3, 4, 5, 6, 7]",76,31,329,465,0.7916666666666666,0.9117647058823529,0.90633608815427,0.8288770053475936
6,"[2, 3, 4, 5, 6, 7]",78,33,350,528,0.8125,0.9705882352941176,0.9641873278236914,0.9411764705882353
7,"[0, 1, 2, 3, 4, 5, 6]",84,33,349,528,0.875,0.9705882352941176,0.9614325068870524,0.9411764705882353
7,"[0, 1, 2, 3, 4, 5, 7]",89,33,357,528,0.9270833333333334,0.9705882352941176,0.9834710743801653,0.9411764705882353
7,"[0, 1, 2, 3, 4, 6, 7]",85,31,333,465,0.8854166666666666,0.9117647058823529,0.9173553719008265,0.8288770053475936
7,"[0, 1, 2, 3, 5, 6, 7]",76,31,300,465,0.7916666666666666,0.9117647058823529,0.8264462809917356,0.8288770053475936
7,"[0, 1, 2, 4, 5, 6, 7]",78,32,317,496,0.8125,0.9411764705882353,0.8732782369146006,0.8841354723707665
7,"[0, 1, 3, 4, 5, 6, 7]",86,32,341,496,0.8958333333333334,0.9411764705882353,0.9393939393939394,0.8841354723707665
7,"[0, 2, 3, 4, 5, 6, 7]",88,34,360,561,0.9166666666666666,1.0,0.9917355371900827,1.0
7,"[1, 2, 3, 4, 5, 6, 7]",86,33,353,528,0.8958333333333334,0.9705882352941176,0.9724517906336089,0.9411764705882353
8,"[0, 1, 2, 3, 4, 5, 6, 7]",96,34,363,561,1.0,1.0,1.0,1.0
