subset_size,total_cost,subset_indices,AV,CC,PAIRS,CONS
0,0,[],0,0,0,0
1,45000,[0],315,315,49455,49455
2,90000,"[0, 1]",613,563,92483,158203
3,135000,"[0, 1, 2]",899,687,125237,235641
4,180000,"[0, 1, 2, 3]",1173,804,155375,322806
4,180000,"[0, 1, 2, 4]",1151,816,152904,332520
4,180000,"[0, 1, 2, 5]",1130,727,140189,263901
4,180000,"[0, 1, 2, 6]",1124,765,144752,292230
4,180000,"[0, 1, 2, 7]",1093,739,137016,272691
3,135000,"[0, 1, 3]",887,729,126197,265356
4,180000,"[0, 1, 2, 8]",1027,738,131437,271953
4,180000,"[0, 1, 2, 9]",1025,720,131052,258840
4,180000,"[0, 1, 2, 10]",997,708,128533,250278
4,180000,"[0, 1, 3, 4]",1139,836,152190,349030
4,180000,"[0, 1, 3, 5]",1118,785,144405,307720
4,180000,"[0, 1, 5, 9]",970,677,117613,228826
4,180000,"[0, 1, 3, 6]",1112,810,146755,327645
3,135000,"[0, 1, 6]",838,678,114182,229503
3,135000,"[0, 1, 7]",807,657,108165,215496
3,135000,"[0, 1, 4]",865,734,122374,269011
4,180000,"[0, 1, 3, 8]",1015,778,132687,302253
3,135000,"[0, 1, 8]",741,632,99492,199396
4,180000,"[0, 1, 3, 7]",1081,781,139686,304590
4,180000,"[0, 1, 3, 9]",1013,770,132218,296065
4,180000,"[0, 1, 8, 9]",867,682,105936,232221
4,180000,"[0, 1, 6, 9]",964,706,119399,248865
4,180000,"[0, 1, 6, 7]",1032,754,129216,283881
4,180000,"[0, 1, 3, 10]",985,754,129537,283881
4,180000,"[0, 1, 6, 8]",966,733,120860,268278
4,180000,"[0, 1, 7, 10]",905,683,111559,232903
4,180000,"[0, 1, 7, 9]",933,700,114382,244650
4,180000,"[0, 1, 6, 10]",936,696,116968,241860
4,180000,"[0, 1, 7, 8]",935,705,114734,248160
4,180000,"[0, 1, 4, 5]",1096,795,140956,315615
4,180000,"[0, 1, 4, 6]",1090,822,143086,337431
4,180000,"[0, 1, 4, 10]",963,759,125726,287661
3,135000,"[0, 1, 5]",844,649,112216,210276
4,180000,"[0, 1, 4, 9]",991,770,128459,296065
4,180000,"[0, 1, 4, 8]",993,795,129311,315615
3,135000,"[0, 1, 10]",711,600,96099,179700
4,180000,"[0, 1, 4, 7]",1059,806,137459,324415
4,180000,"[0, 1, 5, 7]",1038,723,127073,261003
4,180000,"[0, 1, 5, 10]",942,670,115440,224115
4,180000,"[0, 1, 5, 8]",972,704,118704,247456
4,180000,"[0, 1, 9, 10]",837,646,102384,208335
4,180000,"[0, 1, 8, 10]",839,660,103043,217470
2,90000,"[0, 2]",601,523,87207,136503
4,180000,"[0, 1, 5, 6]",1069,730,131804,266085
3,135000,"[0, 1, 9]",739,621,98990,192510
4,180000,"[0, 2, 3, 4]",1127,769,143933,295296
4,180000,"[0, 2, 3, 6]",1100,758,139574,286903
4,180000,"[0, 2, 3, 8]",1003,727,125653,263901
4,180000,"[0, 2, 3, 7]",1069,718,130518,257403
3,135000,"[0, 2, 3]",875,673,119193,226128
4,180000,"[0, 2, 3, 5]",1106,727,136782,263901
4,180000,"[0, 2, 3, 10]",973,698,122547,243253
4,180000,"[0, 2, 4, 10]",951,708,119178,250278
3,135000,"[0, 2, 5]",832,609,106324,185136
4,180000,"[0, 2, 4, 9]",979,725,122038,262450
4,180000,"[0, 2, 5, 6]",1057,687,125531,235641
3,135000,"[0, 2, 4]",853,678,115770,229503
4,180000,"[0, 2, 4, 8]",981,742,122611,274911
3,135000,"[0, 2, 8]",729,592,94105,174936
4,180000,"[0, 2, 3, 9]",1001,713,125281,253828
4,180000,"[0, 2, 4, 5]",1084,743,133886,275653
3,135000,"[0, 2, 6]",826,639,108687,203841
4,180000,"[0, 2, 4, 7]",1047,734,128296,269011
3,135000,"[0, 2, 7]",795,594,100225,176121
3,135000,"[0, 2, 9]",727,584,93834,170236
4,180000,"[0, 2, 5, 9]",958,642,111889,205761
4,180000,"[0, 2, 6, 7]",1020,693,121094,239778
4,180000,"[0, 2, 5, 7]",1026,661,118597,218130
4,180000,"[0, 2, 5, 8]",960,656,112553,214840
4,180000,"[0, 2, 5, 10]",930,635,109593,201295
4,180000,"[0, 2, 6, 10]",924,654,111480,213531
4,180000,"[0, 2, 6, 9]",952,668,114023,222778
4,180000,"[0, 2, 6, 8]",954,689,115204,237016
4,180000,"[0, 2, 7, 8]",923,649,106758,210276
4,180000,"[0, 2, 7, 10]",893,619,103642,191271
2,90000,"[0, 3]",589,532,85260,141246
4,180000,"[0, 2, 8, 9]",855,645,100669,207690
4,180000,"[0, 2, 7, 9]",921,643,106569,206403
4,180000,"[0, 2, 9, 10]",825,608,97246,184528
4,180000,"[0, 2, 8, 10]",827,621,97683,192510
3,135000,"[0, 2, 10]",699,561,90850,157080
4,180000,"[0, 2, 4, 6]",1078,772,136339,297606
3,135000,"[0, 3, 4]",841,671,112208,224785
3,135000,"[0, 3, 5]",820,657,108514,215496
4,180000,"[0, 3, 5, 7]",1014,724,122811,261726
4,180000,"[0, 3, 4, 5]",1072,767,134281,293761
4,180000,"[0, 3, 4, 7]",1035,737,126762,271216
4,180000,"[0, 3, 4, 8]",969,741,119493,274170
4,180000,"[0, 3, 4, 10]",939,697,115614,242556
4,180000,"[0, 3, 4, 9]",967,719,118600,258121
4,180000,"[0, 3, 5, 9]",946,686,114108,234955
4,180000,"[0, 3, 5, 6]",1045,736,128687,270480
4,180000,"[0, 3, 5, 8]",948,705,115112,248160
3,135000,"[0, 3, 7]",783,621,100411,192510
3,135000,"[0, 3, 6]",814,659,107915,216811
2,90000,"[0, 4]",567,529,80378,139656
3,135000,"[0, 3, 9]",715,597,92033,177906
3,135000,"[0, 3, 8]",717,611,92617,186355
4,180000,"[0, 3, 6, 7]",1008,729,122386,265356
4,180000,"[0, 3, 5, 10]",918,679,111782,230181
4,180000,"[0, 3, 6, 10]",912,675,110720,227475
4,180000,"[0, 3, 7, 8]",911,685,107390,234270
3,135000,"[0, 3, 10]",687,571,88929,162735
4,180000,"[0, 3, 6, 8]",942,721,114897,259560
4,180000,"[0, 3, 6, 9]",940,696,113417,241860
4,180000,"[0, 3, 7, 9]",909,671,106886,224785
4,180000,"[0, 3, 8, 9]",843,667,99325,222111
4,180000,"[0, 3, 9, 10]",813,621,95470,192510
4,180000,"[0, 3, 8, 10]",815,643,96224,206403
4,180000,"[0, 4, 5, 10]",896,688,107375,236328
4,180000,"[0, 3, 7, 10]",881,650,103869,210925
3,135000,"[0, 4, 5]",798,662,104076,218791
4,180000,"[0, 4, 5, 6]",1023,746,124414,277885
4,180000,"[0, 4, 5, 8]",926,723,111124,261003
3,135000,"[0, 4, 6]",792,667,103237,222111
4,180000,"[0, 4, 5, 9]",924,695,109828,241165
4,180000,"[0, 3, 4, 6]",1066,774,133925,299151
3,135000,"[0, 4, 7]",761,638,97161,203203
3,135000,"[0, 4, 8]",695,623,88197,193753
4,180000,"[0, 4, 6, 7]",986,754,119316,283881
4,180000,"[0, 4, 6, 8]",920,741,110666,274170
4,180000,"[0, 4, 6, 10]",890,688,106115,236328
4,180000,"[0, 4, 6, 9]",918,705,108878,248160
2,90000,"[0, 5]",546,489,74424,119316
4,180000,"[0, 5, 7, 10]",838,623,94270,193753
3,135000,"[0, 4, 10]",665,572,84081,163306
4,180000,"[0, 4, 7, 8]",889,709,104528,250986
3,135000,"[0, 4, 9]",693,597,87300,177906
4,180000,"[0, 4, 7, 10]",859,667,100633,222111
4,180000,"[0, 4, 7, 9]",887,692,103794,239086
4,180000,"[0, 4, 5, 7]",992,740,119924,273430
3,135000,"[0, 5, 6]",771,600,95725,179700
3,135000,"[0, 5, 7]",740,597,90925,177906
4,180000,"[0, 4, 8, 9]",821,680,95053,230860
4,180000,"[0, 4, 9, 10]",791,627,90774,196251
4,180000,"[0, 4, 8, 10]",793,656,91835,214840
4,180000,"[0, 5, 7, 9]",866,632,96768,199396
4,180000,"[0, 5, 6, 8]",899,659,102530,216811
4,180000,"[0, 5, 6, 10]",869,614,98424,188191
4,180000,"[0, 5, 6, 9]",897,628,100759,196878
4,180000,"[0, 5, 6, 7]",965,683,111507,232903
4,180000,"[0, 5, 7, 8]",868,646,97603,208335
3,135000,"[0, 5, 8]",674,559,81547,155961
3,135000,"[0, 5, 9]",672,537,80556,143916
4,180000,"[0, 5, 8, 9]",800,601,87623,180300
4,180000,"[0, 5, 8, 10]",772,591,85055,174345
2,90000,"[0, 6]",540,488,73329,118828
4,180000,"[0, 5, 9, 10]",770,567,83915,160461
4,180000,"[0, 6, 7, 9]",860,643,95800,206403
3,135000,"[0, 6, 8]",668,570,80830,162165
3,135000,"[0, 6, 7]",734,602,90050,180901
3,135000,"[0, 5, 10]",644,527,77987,138601
3,135000,"[0, 6, 9]",666,542,79350,146611
4,180000,"[0, 6, 8, 9]",794,615,86788,188805
4,180000,"[0, 6, 8, 10]",766,591,83856,174345
4,180000,"[0, 6, 7, 8]",862,660,97097,217470
4,180000,"[0, 6, 7, 10]",832,619,92926,191271
2,90000,"[0, 9]",441,408,56802,83028
4,180000,"[0, 6, 9, 10]",764,564,82291,158766
1,45000,[1],298,298,44253,44253
2,90000,"[0, 7]",509,458,66901,104653
3,135000,"[0, 6, 10]",638,516,76417,132870
2,90000,"[0, 8]",443,421,57352,88410
3,135000,"[0, 8, 10]",541,469,61260,109746
2,90000,"[0, 10]",413,373,53428,69378
3,135000,"[0, 7, 9]",635,532,73944,141246
3,135000,"[0, 7, 8]",637,538,74343,144453
3,135000,"[0, 7, 10]",607,500,70642,124750
2,90000,"[1, 2]",584,482,79857,115921
3,135000,"[0, 8, 9]",569,503,64633,126253
3,135000,"[0, 9, 10]",539,450,60543,101025
4,180000,"[0, 7, 8, 9]",763,605,81326,182710
4,180000,"[0, 7, 8, 10]",735,576,78034,165600
3,135000,"[1, 2, 3]",858,621,111205,192510
4,180000,"[0, 8, 9, 10]",667,537,68310,143916
4,180000,"[0, 7, 9, 10]",733,559,77454,155961
4,180000,"[1, 2, 3, 4]",1110,714,135653,254541
3,135000,"[1, 2, 4]",836,635,108169,201295
4,180000,"[1, 2, 3, 5]",1089,661,125997,218130
4,180000,"[1, 2, 3, 7]",1052,665,122181,220780
4,180000,"[1, 2, 4, 5]",1067,682,123418,232221
4,180000,"[1, 2, 3, 6]",1083,706,130891,248865
4,180000,"[1, 2, 3, 9]",984,659,117035,216811
4,180000,"[1, 2, 3, 10]",956,656,114957,214840
4,180000,"[1, 2, 4, 6]",1061,717,127934,256686
4,180000,"[1, 2, 4, 7]",1030,689,120378,237016
4,180000,"[1, 2, 3, 8]",986,664,117144,220116
4,180000,"[1, 2, 4, 8]",964,691,114498,238395
3,135000,"[1, 2, 5]",815,545,96042,148240
3,135000,"[1, 2, 6]",809,590,100571,173755
4,180000,"[1, 2, 4, 9]",962,673,114104,226128
4,180000,"[1, 2, 5, 7]",1009,597,108020,177906
4,180000,"[1, 2, 4, 10]",934,669,111920,223446
4,180000,"[1, 2, 5, 6]",1040,627,114857,196251
4,180000,"[1, 2, 5, 9]",941,577,101370,166176
4,180000,"[1, 2, 5, 8]",943,593,101964,175528
4,180000,"[1, 2, 5, 10]",913,577,99668,166176
4,180000,"[1, 2, 6, 7]",1003,642,112645,205761
4,180000,"[1, 2, 6, 8]",937,637,106626,202566
2,90000,"[1, 3]",572,505,79443,127260
3,135000,"[1, 2, 7]",778,550,92523,150975
4,180000,"[1, 2, 6, 9]",935,607,105513,183921
3,135000,"[1, 3, 4]",824,633,106017,200028
3,135000,"[1, 2, 10]",682,530,83891,140185
4,180000,"[1, 2, 8, 9]",838,588,92478,172578
4,180000,"[1, 2, 6, 10]",907,612,103706,186966
3,135000,"[1, 2, 8]",712,541,86237,146070
3,135000,"[1, 2, 9]",710,535,86158,142845
4,180000,"[1, 2, 8, 10]",810,579,90205,167331
4,180000,"[1, 2, 7, 8]",906,595,98541,176715
4,180000,"[1, 2, 7, 9]",904,590,98535,173755
4,180000,"[1, 2, 7, 10]",876,584,96320,170236
4,180000,"[1, 2, 9, 10]",808,567,89950,160461
4,180000,"[1, 3, 4, 5]",1055,694,124525,240471
4,180000,"[1, 3, 4, 9]",950,677,112139,228826
4,180000,"[1, 3, 4, 6]",1049,727,126884,263901
4,180000,"[1, 3, 4, 10]",922,667,109786,222111
4,180000,"[1, 3, 4, 8]",952,685,112636,234270
4,180000,"[1, 3, 4, 7]",1018,697,120064,242556
3,135000,"[1, 3, 5]",803,592,99072,174936
4,180000,"[1, 3, 5, 8]",931,637,105244,202566
4,180000,"[1, 3, 5, 7]",997,652,112871,212226
4,180000,"[1, 3, 5, 9]",929,626,104495,195625
4,180000,"[1, 3, 5, 10]",901,625,102716,195000
4,180000,"[1, 3, 5, 6]",1028,681,118836,231540
3,135000,"[1, 3, 6]",797,626,101285,195625
4,180000,"[1, 3, 6, 7]",991,686,115209,234955
4,180000,"[1, 3, 6, 8]",925,674,107651,226801
4,180000,"[1, 3, 6, 10]",895,649,104448,210276
3,135000,"[1, 3, 7]",766,583,94024,169653
4,180000,"[1, 3, 6, 9]",923,653,106454,212878
3,135000,"[1, 3, 8]",700,563,86128,158203
4,180000,"[1, 3, 7, 10]",864,623,97880,193753
2,90000,"[1, 4]",550,504,74844,126756
3,135000,"[1, 4, 5]",781,595,94847,176715
4,180000,"[1, 3, 8, 9]",826,619,92576,191271
4,180000,"[1, 3, 7, 9]",892,629,100230,197506
4,180000,"[1, 3, 7, 8]",894,629,100337,197506
3,135000,"[1, 4, 6]",775,623,96780,193753
4,180000,"[1, 3, 8, 10]",798,607,90143,183921
3,135000,"[1, 3, 10]",670,557,83521,154846
3,135000,"[1, 3, 9]",698,568,85953,161028
4,180000,"[1, 3, 9, 10]",796,603,89788,181503
4,180000,"[1, 4, 5, 6]",1006,681,114674,231540
4,180000,"[1, 4, 5, 9]",907,626,100354,195625
4,180000,"[1, 4, 5, 8]",909,656,101476,214840
4,180000,"[1, 4, 6, 9]",901,645,102012,207690
4,180000,"[1, 4, 5, 7]",975,676,110275,228150
4,180000,"[1, 4, 5, 10]",879,623,98465,193753
3,135000,"[1, 4, 7]",744,612,91135,186966
3,135000,"[1, 4, 8]",678,580,81997,167910
4,180000,"[1, 4, 6, 7]",969,711,112390,252405
4,180000,"[1, 4, 6, 8]",903,685,103599,234270
4,180000,"[1, 4, 6, 10]",873,648,99967,209628
4,180000,"[1, 4, 7, 8]",872,666,97841,221445
4,180000,"[1, 4, 7, 9]",870,655,97422,214185
4,180000,"[1, 4, 8, 9]",804,628,88516,196878
4,180000,"[1, 4, 7, 10]",842,644,94949,207046
4,180000,"[1, 4, 8, 10]",776,617,85987,190036
3,135000,"[1, 4, 9]",676,561,81426,157080
2,90000,"[1, 5]",529,425,65462,90100
3,135000,"[1, 4, 10]",648,552,78900,152076
3,135000,"[1, 5, 6]",754,541,86288,146070
4,180000,"[1, 5, 6, 7]",948,622,101613,193131
4,180000,"[1, 4, 9, 10]",774,594,85242,176121
3,135000,"[1, 5, 7]",723,529,81483,139656
4,180000,"[1, 5, 6, 10]",852,559,89305,155961
4,180000,"[1, 5, 6, 8]",882,597,92696,177906
4,180000,"[1, 5, 6, 9]",880,564,91015,158766
3,135000,"[1, 5, 9]",655,474,71356,112101
2,90000,"[1, 6]",523,456,67242,103740
4,180000,"[1, 5, 8, 10]",755,533,76035,141778
4,180000,"[1, 5, 7, 9]",849,563,87082,158203
3,135000,"[1, 5, 8]",657,493,72160,121278
4,180000,"[1, 5, 7, 8]",851,577,87741,166176
4,180000,"[1, 5, 7, 10]",821,563,85186,158203
3,135000,"[1, 5, 10]",627,471,69393,110685
4,180000,"[1, 5, 8, 9]",783,537,78001,143916
3,135000,"[1, 6, 7]",717,562,83431,157641
4,180000,"[1, 5, 9, 10]",753,508,75071,128778
3,135000,"[1, 6, 8]",651,524,74127,137026
4,180000,"[1, 6, 7, 10]",815,584,86646,170236
3,135000,"[1, 6, 9]",649,495,72861,122265
2,90000,"[1, 7]",492,431,61144,92665
4,180000,"[1, 6, 7, 9]",843,589,88776,173166
3,135000,"[1, 6, 10]",621,492,70682,120786
4,180000,"[1, 6, 8, 9]",777,557,79686,154846
4,180000,"[1, 6, 8, 10]",749,552,77504,152076
3,135000,"[1, 7, 8]",620,491,67919,120295
4,180000,"[1, 6, 9, 10]",747,525,76148,137550
4,180000,"[1, 6, 7, 8]",845,607,89867,183921
1,45000,[2],286,286,40755,40755
3,135000,"[1, 7, 9]",618,495,67848,122265
4,180000,"[1, 7, 8, 9]",746,549,74566,150426
4,180000,"[1, 7, 8, 10]",718,537,72000,143916
2,90000,"[1, 8]",426,383,51478,73153
4,180000,"[1, 7, 9, 10]",716,531,71738,140715
2,90000,"[1, 9]",424,382,51267,72771
3,135000,"[1, 7, 10]",590,483,65276,116403
2,90000,"[1, 10]",396,368,48628,67528
4,180000,"[1, 8, 9, 10]",650,501,62496,125250
3,135000,"[1, 8, 9]",552,458,58429,104653
3,135000,"[1, 8, 10]",524,442,55787,97461
2,90000,"[2, 3]",560,469,74061,109746
3,135000,"[1, 9, 10]",522,434,55399,93961
4,180000,"[2, 3, 4, 5]",1043,640,117245,204480
3,135000,"[2, 3, 4]",812,578,99330,166753
4,180000,"[2, 3, 4, 6]",1037,675,120036,227475
3,135000,"[2, 3, 5]",791,549,92941,150426
4,180000,"[2, 3, 4, 7]",1006,630,111078,198135
4,180000,"[2, 3, 4, 10]",910,617,103143,190036
4,180000,"[2, 3, 4, 9]",938,629,105580,197506
4,180000,"[2, 3, 4, 8]",940,638,105916,203203
4,180000,"[2, 3, 5, 7]",985,597,104429,177906
4,180000,"[2, 3, 5, 9]",917,587,98480,171991
4,180000,"[2, 3, 5, 6]",1016,633,112313,200028
4,180000,"[2, 3, 5, 8]",919,593,98918,175528
3,135000,"[2, 3, 6]",785,589,95671,173166
3,135000,"[2, 3, 7]",754,531,86244,140715
4,180000,"[2, 3, 5, 10]",889,582,96614,169071
3,135000,"[2, 3, 8]",688,532,80698,141246
4,180000,"[2, 3, 7, 8]",882,585,92575,170820
4,180000,"[2, 3, 6, 7]",979,634,107236,200661
4,180000,"[2, 3, 6, 10]",883,609,98829,185136
4,180000,"[2, 3, 6, 9]",911,615,100906,188805
4,180000,"[2, 3, 6, 8]",913,635,101938,201295
4,180000,"[2, 3, 7, 9]",880,577,92521,166176
4,180000,"[2, 3, 7, 10]",852,569,90110,161596
2,90000,"[2, 4]",538,468,69966,109278
3,135000,"[2, 3, 9]",686,530,80636,140185
4,180000,"[2, 3, 8, 9]",814,585,87211,170820
4,180000,"[2, 3, 8, 10]",786,575,84727,165025
3,135000,"[2, 3, 10]",658,520,78153,134940
3,135000,"[2, 4, 5]",769,560,89376,156520
4,180000,"[2, 3, 9, 10]",784,561,84476,157080
4,180000,"[2, 4, 5, 6]",994,643,108841,206403
4,180000,"[2, 4, 5, 7]",963,619,102079,191271
4,180000,"[2, 4, 5, 8]",897,612,95739,186966
4,180000,"[2, 4, 6, 8]",891,646,98356,208335
4,180000,"[2, 4, 5, 9]",895,602,95104,180901
4,180000,"[2, 4, 5, 10]",867,593,93063,175528
3,135000,"[2, 4, 6]",763,590,91705,173755
3,135000,"[2, 4, 7]",732,546,83439,148785
4,180000,"[2, 4, 6, 7]",957,650,104539,210925
4,180000,"[2, 4, 6, 9]",889,623,97120,193753
4,180000,"[2, 4, 7, 9]",858,599,89912,179101
4,180000,"[2, 4, 7, 10]",830,583,87306,169653
4,180000,"[2, 4, 6, 10]",861,618,94929,190653
3,135000,"[2, 4, 8]",666,544,77002,147696
4,180000,"[2, 4, 7, 8]",860,606,90103,183315
4,180000,"[2, 4, 8, 9]",792,604,83704,182106
2,90000,"[2, 5]",517,406,61215,82215
3,135000,"[2, 4, 9]",664,537,76731,143916
3,135000,"[2, 4, 10]",636,522,74079,135981
3,135000,"[2, 5, 6]",742,512,81602,130816
4,180000,"[2, 4, 9, 10]",762,573,80595,163878
3,135000,"[2, 5, 7]",711,478,74403,114003
4,180000,"[2, 5, 6, 8]",870,558,87707,155403
4,180000,"[2, 5, 6, 7]",936,563,94136,158203
3,135000,"[2, 5, 8]",645,463,67633,106953
4,180000,"[2, 4, 8, 10]",764,587,81049,171991
4,180000,"[2, 5, 8, 10]",743,506,71550,127765
4,180000,"[2, 5, 6, 10]",840,532,84642,141246
4,180000,"[2, 5, 7, 8]",839,522,80457,135981
4,180000,"[2, 5, 6, 9]",868,540,86494,145530
4,180000,"[2, 5, 7, 9]",837,519,80176,134421
4,180000,"[2, 5, 8, 9]",771,513,73642,131328
3,135000,"[2, 5, 10]",615,455,65188,103285
3,135000,"[2, 5, 9]",643,461,67277,106030
2,90000,"[2, 6]",511,440,63470,96580
3,135000,"[2, 6, 7]",705,512,76778,130816
4,180000,"[2, 5, 7, 10]",809,513,78144,131328
4,180000,"[2, 6, 7, 9]",831,543,82249,147153
4,180000,"[2, 5, 9, 10]",741,495,71025,122265
3,135000,"[2, 6, 8]",639,499,70172,124251
4,180000,"[2, 6, 8, 9]",765,535,75851,142845
4,180000,"[2, 6, 8, 10]",737,525,73557,137550
4,180000,"[2, 6, 7, 8]",833,556,83107,154290
4,180000,"[2, 6, 7, 10]",803,534,80000,142311
3,135000,"[2, 6, 9]",637,482,69209,115921
2,90000,"[2, 7]",480,382,54723,72771
3,135000,"[2, 6, 10]",609,475,66918,112575
2,90000,"[2, 8]",414,368,47848,67528
4,180000,"[2, 6, 9, 10]",735,510,72496,129795
3,135000,"[2, 7, 8]",608,447,61442,99681
3,135000,"[2, 7, 10]",578,434,58878,93961
4,180000,"[2, 8, 9, 10]",638,487,59004,118341
4,180000,"[2, 7, 9, 10]",704,483,65457,116403
3,135000,"[2, 7, 9]",606,450,61553,101025
3,135000,"[3, 4, 5]",757,568,88492,161028
2,90000,"[2, 9]",412,373,47889,69378
4,180000,"[2, 7, 8, 10]",706,494,65546,121771
4,180000,"[2, 7, 8, 9]",734,509,68215,129286
3,135000,"[2, 8, 9]",540,446,54919,99235
1,45000,[3],274,274,37401,37401
3,135000,"[2, 9, 10]",510,423,52039,89253
2,90000,"[2, 10]",384,357,45157,63546
3,135000,"[2, 8, 10]",512,428,52184,91378
2,90000,"[3, 4]",526,435,64932,94395
3,135000,"[3, 4, 6]",751,576,87904,165600
4,180000,"[3, 4, 5, 7]",951,640,103309,204480
4,180000,"[3, 4, 5, 8]",885,622,95225,193131
4,180000,"[3, 4, 5, 10]",855,597,92156,177906
4,180000,"[3, 4, 5, 9]",883,607,94238,183921
4,180000,"[3, 4, 6, 7]",945,649,102893,210276
4,180000,"[3, 4, 5, 6]",982,660,108982,217470
4,180000,"[3, 4, 6, 8]",879,642,95020,205761
4,180000,"[3, 4, 6, 9]",877,613,93463,187578
3,135000,"[3, 4, 8]",654,520,72427,134940
3,135000,"[3, 4, 7]",720,534,80638,142311
4,180000,"[3, 4, 8, 9]",780,581,79252,168490
3,135000,"[3, 4, 10]",624,486,69045,117855
3,135000,"[3, 4, 9]",652,506,71822,127765
3,135000,"[3, 5, 6]",730,561,83634,157080
4,180000,"[3, 4, 6, 10]",849,601,91114,180300
4,180000,"[3, 4, 7, 9]",846,588,87224,172578
4,180000,"[3, 4, 9, 10]",750,538,75685,144453
4,180000,"[3, 4, 8, 10]",752,562,76477,157641
4,180000,"[3, 4, 7, 10]",818,570,84520,162165
3,135000,"[3, 5, 8]",633,505,68998,127260
4,180000,"[3, 4, 7, 8]",848,604,87749,182106
4,180000,"[3, 5, 7, 9]",825,571,83390,162735
3,135000,"[3, 5, 7]",699,538,77603,144453
2,90000,"[3, 5]",505,445,62196,98790
4,180000,"[3, 5, 6, 7]",924,627,98312,196251
4,180000,"[3, 5, 7, 8]",827,584,84028,170236
4,180000,"[3, 5, 6, 8]",858,610,90128,185745
4,180000,"[3, 5, 6, 9]",856,587,88577,171991
4,180000,"[3, 5, 6, 10]",828,575,86659,165025
2,90000,"[3, 6]",499,449,61376,100576
4,180000,"[3, 5, 7, 10]",797,573,81359,163878
4,180000,"[3, 5, 8, 10]",731,547,72918,149331
4,180000,"[3, 5, 8, 9]",759,550,75034,150975
4,180000,"[3, 6, 7, 8]",821,598,83743,178503
3,135000,"[3, 5, 9]",631,495,68287,122265
4,180000,"[3, 6, 8, 9]",753,561,74400,157080
4,180000,"[3, 6, 7, 10]",791,568,80195,161028
3,135000,"[3, 5, 10]",603,491,66169,120295
3,135000,"[3, 6, 7]",693,543,76947,147153
4,180000,"[3, 5, 9, 10]",729,527,72035,138601
3,135000,"[3, 6, 8]",627,521,68558,135460
4,180000,"[3, 6, 7, 9]",819,577,82568,166176
4,180000,"[3, 6, 8, 10]",725,548,71957,149878
4,180000,"[3, 6, 9, 10]",723,522,70577,135981
3,135000,"[3, 6, 10]",597,483,64835,116403
3,135000,"[3, 6, 9]",625,497,67280,123256
1,45000,[4],252,252,31626,31626
2,90000,"[3, 9]",400,365,44681,66430
2,90000,"[3, 7]",468,398,53707,79003
2,90000,"[3, 8]",402,368,44968,67528
3,135000,"[3, 9, 10]",498,415,48856,85905
2,90000,"[3, 10]",372,346,41829,59685
3,135000,"[4, 5, 6]",708,547,78411,149331
3,135000,"[3, 7, 8]",596,474,60887,112101
2,90000,"[4, 5]",483,431,56865,92665
3,135000,"[3, 8, 10]",500,431,49333,92665
3,135000,"[3, 8, 9]",528,449,52183,100576
4,180000,"[3, 7, 8, 9]",722,537,67789,143916
4,180000,"[3, 7, 8, 10]",694,525,65034,137550
3,135000,"[3, 7, 10]",566,454,57903,102831
3,135000,"[3, 7, 9]",594,467,60668,108811
4,180000,"[3, 7, 9, 10]",692,503,64612,126253
4,180000,"[3, 8, 9, 10]",626,492,56296,120786
4,180000,"[4, 5, 6, 7]",902,635,94733,201295
4,180000,"[4, 5, 6, 8]",836,613,85362,187578
4,180000,"[4, 5, 6, 9]",834,578,83513,166753
3,135000,"[4, 5, 7]",677,548,73940,149878
4,180000,"[4, 5, 7, 8]",805,603,80761,181503
4,180000,"[4, 5, 6, 10]",806,566,81477,159895
2,90000,"[4, 6]",477,430,55745,92235
4,180000,"[4, 6, 8, 9]",731,563,69386,158203
4,180000,"[4, 5, 8, 10]",709,547,68051,149331
3,135000,"[4, 5, 8]",611,509,64138,129286
3,135000,"[4, 5, 9]",609,487,63125,118341
4,180000,"[4, 5, 8, 9]",737,558,70342,155403
3,135000,"[4, 5, 10]",581,476,60834,113050
2,90000,"[4, 7]",446,409,49681,83436
4,180000,"[4, 5, 9, 10]",707,520,66872,134940
4,180000,"[4, 6, 9, 10]",701,512,65141,130816
4,180000,"[4, 5, 7, 10]",775,578,77672,166753
4,180000,"[4, 5, 7, 9]",803,590,79905,173755
4,180000,"[4, 6, 7, 9]",797,594,78821,176121
3,135000,"[4, 6, 7]",671,554,73041,153181
4,180000,"[4, 6, 7, 8]",799,617,80230,190036
4,180000,"[4, 6, 7, 10]",769,578,76314,166753
3,135000,"[4, 6, 8]",605,520,63395,134940
4,180000,"[4, 6, 8, 10]",703,550,66836,150975
3,135000,"[4, 6, 10]",575,469,59249,109746
3,135000,"[4, 6, 9]",603,482,61799,115921
3,135000,"[4, 7, 8]",574,496,57269,122760
4,180000,"[4, 7, 8, 9]",700,564,64339,158766
2,90000,"[4, 8]",380,367,39676,67161
2,90000,"[4, 9]",378,348,39066,60378
1,45000,[5],231,231,26565,26565
3,135000,"[4, 7, 9]",572,485,56811,117370
3,135000,"[4, 7, 10]",544,460,53857,105570
2,90000,"[4, 10]",350,324,36054,52326
3,135000,"[4, 8, 10]",478,427,44038,90951
3,135000,"[4, 8, 9]",506,451,47050,101475
4,180000,"[4, 7, 8, 10]",672,541,61394,146070
2,90000,"[5, 6]",456,383,49137,73153
4,180000,"[4, 7, 9, 10]",670,518,60738,133903
3,135000,"[4, 9, 10]",476,400,43244,79800
4,180000,"[4, 8, 9, 10]",604,493,51163,121278
3,135000,"[5, 6, 8]",584,455,56157,103285
3,135000,"[5, 6, 10]",554,412,52456,84666
2,90000,"[5, 7]",425,380,44296,72010
3,135000,"[5, 6, 9]",582,427,54587,90951
3,135000,"[5, 7, 8]",553,442,51189,97461
4,180000,"[5, 6, 8, 10]",682,479,59423,114481
4,180000,"[5, 6, 7, 10]",748,515,69196,132355
4,180000,"[5, 6, 9, 10]",680,452,57769,101926
4,180000,"[5, 6, 7, 9]",776,527,71269,138601
4,180000,"[5, 6, 7, 8]",778,544,72660,147696
3,135000,"[5, 6, 7]",650,496,66094,122760
3,135000,"[5, 7, 9]",551,436,50636,94830
4,180000,"[5, 6, 8, 9]",710,494,61554,121771
4,180000,"[5, 7, 8, 9]",679,494,57479,121771
2,90000,"[5, 8]",359,319,33913,50721
3,135000,"[5, 7, 10]",523,430,48346,92235
4,180000,"[5, 7, 8, 10]",651,489,55197,119316
4,180000,"[5, 7, 9, 10]",649,473,54462,111628
1,45000,[6],225,225,25200,25200
3,135000,"[5, 8, 9]",485,388,40507,75078
2,90000,"[5, 9]",357,307,33215,46971
2,90000,"[5, 10]",329,298,30853,44253
2,90000,"[6, 7]",419,379,43141,71631
3,135000,"[5, 8, 10]",457,379,38145,71631
3,135000,"[5, 9, 10]",455,359,37278,64261
4,180000,"[5, 8, 9, 10]",583,434,44515,93961
3,135000,"[6, 7, 8]",547,449,50399,100576
3,135000,"[6, 7, 9]",545,434,49296,93961
2,90000,"[6, 8]",353,324,32922,52326
1,45000,[7],194,194,18721,18721
2,90000,"[6, 10]",323,278,28963,38503
3,135000,"[6, 7, 10]",517,416,46672,86320
3,135000,"[6, 9, 10]",449,341,35245,57970
2,90000,"[6, 9]",351,297,31644,43956
2,90000,"[8, 9]",254,242,15937,29161
4,180000,"[6, 7, 8, 10]",645,483,53882,116403
3,135000,"[6, 8, 10]",451,368,36622,67528
4,180000,"[6, 7, 9, 10]",643,464,52666,107416
3,135000,"[6, 8, 9]",479,387,39303,74691
1,45000,[8],128,128,8128,8128
4,180000,"[6, 7, 8, 9]",673,499,56497,124251
2,90000,"[7, 10]",292,269,23221,36046
2,90000,"[7, 8]",322,291,26384,42195
4,180000,"[6, 8, 9, 10]",577,424,42842,89676
3,135000,"[7, 9, 10]",418,348,30519,60378
1,45000,[10],98,98,4753,4753
1,45000,[9],126,126,7875,7875
3,135000,"[7, 8, 10]",420,360,30833,64620
2,90000,"[7, 9]",320,294,26271,43071
4,180000,"[7, 8, 9, 10]",546,432,38072,93096
3,135000,"[7, 8, 9]",448,383,33874,73153
2,90000,"[8, 10]",226,214,12815,22791
2,90000,"[9, 10]",224,201,12375,20100
3,135000,"[8, 9, 10]",352,307,20372,46971
