subset_size,total_cost,subset_indices,AV,CC,PAIRS,CONS,alpha_AV,alpha_CC,alpha_PAIRS,alpha_CONS
6,117500,"[6, 8, 10, 1, 4, 0]",4385,1817,1181138,1649836,0.6903337531486146,0.9593453009503696,0.9350719470024194,0.9203228032360652
7,197980,"[6, 8, 10, 1, 4, 0, 5]",5190,1832,1212007,1677196,0.8170654911838791,0.9672650475184794,0.9595100193800904,0.9355849455923592
8,395980,"[6, 8, 10, 1, 4, 0, 5, 3]",5877,1851,1239958,1712175,0.92522040302267,0.977296726504752,0.981637997643989,0.9550971706464824
9,595980,"[6, 8, 10, 1, 4, 0, 5, 3, 11]",5973,1859,1241144,1727011,0.9403337531486146,0.981520591341077,0.9825769186922872,0.9633730896522564
9,595980,"[6, 8, 10, 1, 4, 0, 5, 3, 12]",5969,1855,1240766,1719585,0.9397040302267002,0.9794086589229144,0.9822776672957808,0.9592306675346453
9,655980,"[6, 8, 10, 1, 4, 0, 5, 3, 2]",6352,1875,1263152,1756875,1.0,0.9899683210137276,1.0,0.980032030417182
8,397980,"[6, 8, 10, 1, 4, 0, 5, 11]",5286,1840,1213240,1691880,0.8321788413098237,0.9714889123548046,0.9604861489353616,0.943776074918376
9,597980,"[6, 8, 10, 1, 4, 0, 5, 11, 12]",5378,1846,1214167,1702935,0.8466624685138538,0.9746568109820486,0.9612200273601276,0.94994285064019
9,657980,"[6, 8, 10, 1, 4, 0, 5, 11, 2]",5761,1870,1238876,1747515,0.9069584382871536,0.9873284054910244,0.9807814103132482,0.9748107711900288
8,397980,"[6, 8, 10, 1, 4, 0, 5, 12]",5282,1838,1212937,1688203,0.8315491183879093,0.9704329461457232,0.9602462728159398,0.9417249456258288
9,657980,"[6, 8, 10, 1, 4, 0, 5, 12, 2]",5757,1868,1238583,1743778,0.9063287153652392,0.986272439281943,0.9805494508974376,0.972726172287051
8,457980,"[6, 8, 10, 1, 4, 0, 5, 2]",5665,1862,1237669,1732591,0.8918450881612091,0.9831045406546992,0.9798258641873662,0.96648576342229
8,537980,"[6, 8, 10, 1, 4, 0, 5, 7]",5872,1852,1256817,1714026,0.924433249370277,0.9778247096092924,0.994984768262252,0.9561297081282624
8,592980,"[6, 8, 10, 1, 4, 0, 5, 9]",5620,1886,1250758,1777555,0.8847607052896725,0.9957761351636748,0.9901880375441752,0.9915678894788836
7,315500,"[6, 8, 10, 1, 4, 0, 3]",5072,1843,1217882,1697403,0.7984886649874056,0.9730728616684268,0.9641610827517196,0.9468569525585008
8,515500,"[6, 8, 10, 1, 4, 0, 3, 11]",5168,1851,1219096,1712175,0.8136020151133502,0.977296726504752,0.9651221705701292,0.9550971706464824
8,515500,"[6, 8, 10, 1, 4, 0, 3, 12]",5164,1848,1218756,1706628,0.8129722921914357,0.97571277719113,0.9648530026473456,0.9520029051621852
8,575500,"[6, 8, 10, 1, 4, 0, 3, 2]",5547,1868,1241952,1743778,0.8732682619647355,0.986272439281943,0.983216588344079,0.972726172287051
8,655500,"[6, 8, 10, 1, 4, 0, 3, 7]",5754,1864,1263125,1736316,0.9058564231738035,0.9841605068637804,0.9999786249002496,0.9685636684031816
7,317500,"[6, 8, 10, 1, 4, 0, 11]",4481,1825,1182399,1664400,0.7054471032745592,0.9635691657866948,0.9360702433278022,0.928446993341221
8,517500,"[6, 8, 10, 1, 4, 0, 11, 12]",4573,1832,1183392,1677196,0.7199307304785895,0.9672650475184794,0.9368563719964028,0.9355849455923592
8,577500,"[6, 8, 10, 1, 4, 0, 11, 2]",4956,1857,1209296,1723296,0.7802267002518891,0.9804646251319956,0.9573638010310714,0.9613007629397696
8,657500,"[6, 8, 10, 1, 4, 0, 11, 7]",5163,1847,1227836,1704781,0.8128148614609572,0.9751847940865892,0.9720413695263912,0.9509725989877674
7,317500,"[6, 8, 10, 1, 4, 0, 12]",4477,1824,1182134,1662576,0.7048173803526449,0.9630411826821542,0.9358604506821032,0.9274295171841348
8,577500,"[6, 8, 10, 1, 4, 0, 12, 2]",4952,1856,1209041,1721440,0.7795969773299748,0.9799366420274552,0.9571619250889838,0.9602654363237872
8,657500,"[6, 8, 10, 1, 4, 0, 12, 7]",5159,1846,1227570,1702935,0.8121851385390428,0.9746568109820486,0.971830785210331,0.94994285064019
7,377500,"[6, 8, 10, 1, 4, 0, 2]",4860,1849,1208061,1708476,0.7651133501259446,0.9762407602956704,0.956386088135078,0.9530337691634438
7,457500,"[6, 8, 10, 1, 4, 0, 7]",5067,1839,1226576,1690041,0.7977015113350125,0.970960929250264,0.9710438648713694,0.942750231358682
7,512500,"[6, 8, 10, 1, 4, 0, 9]",4815,1878,1221675,1762503,0.758028967254408,0.9915522703273496,0.9671638884314794,0.98317147987556
6,172980,"[6, 8, 10, 1, 0, 5]",4338,1809,1161650,1635336,0.6829345088161209,0.9551214361140444,0.91964387500475,0.9122343140487016
7,370980,"[6, 8, 10, 1, 0, 5, 3]",5025,1838,1199987,1688203,0.7910894206549118,0.9704329461457232,0.9499941416393276,0.9417249456258288
8,570980,"[6, 8, 10, 1, 0, 5, 3, 11]",5121,1846,1201292,1702935,0.8062027707808564,0.9746568109820486,0.9510272714606002,0.94994285064019
8,570980,"[6, 8, 10, 1, 0, 5, 3, 12]",5117,1843,1200967,1697403,0.805573047858942,0.9730728616684268,0.9507699785932334,0.9468569525585008
8,630980,"[6, 8, 10, 1, 0, 5, 3, 2]",5500,1869,1226667,1745646,0.8658690176322418,0.9868004223864836,0.971115906874232,0.9737681928251196
7,372980,"[6, 8, 10, 1, 0, 5, 11]",4434,1819,1163060,1653471,0.6980478589420654,0.9604012671594508,0.920760130213941,0.922350503801311
8,572980,"[6, 8, 10, 1, 0, 5, 11, 12]",4526,1828,1164243,1669878,0.7125314861460957,0.9651531151003168,0.9216966762511558,0.9315027687735228
8,632980,"[6, 8, 10, 1, 0, 5, 11, 2]",4909,1858,1193252,1725153,0.7728274559193955,0.9809926082365364,0.9446622417571282,0.9623366473825928
7,372980,"[6, 8, 10, 1, 0, 5, 12]",4430,1819,1162838,1653471,0.6974181360201511,0.9604012671594508,0.9205843793937704,0.922350503801311
8,632980,"[6, 8, 10, 1, 0, 5, 12, 2]",4905,1857,1193027,1723296,0.7721977329974811,0.9804646251319956,0.9444841159258744,0.9613007629397696
7,432980,"[6, 8, 10, 1, 0, 5, 2]",4813,1849,1191875,1708476,0.7577141057934509,0.9762407602956704,0.9435721116698544,0.9530337691634438
7,512980,"[6, 8, 10, 1, 0, 5, 7]",5020,1831,1207131,1675365,0.7903022670025189,0.9667370644139388,0.9556498346992286,0.9345635646473892
7,567980,"[6, 8, 10, 1, 0, 5, 9]",4768,1877,1203663,1760626,0.7506297229219143,0.9910242872228088,0.9529043218868356,0.9821244388959268
6,290500,"[6, 8, 10, 1, 0, 3]",4220,1824,1163312,1662576,0.6643576826196473,0.9630411826821542,0.9209596311449454,0.9274295171841348
7,490500,"[6, 8, 10, 1, 0, 3, 11]",4316,1832,1164647,1677196,0.679471032745592,0.9672650475184794,0.9220165110770516,0.9355849455923592
8,690500,"[6, 8, 10, 1, 0, 3, 11, 12]",4408,1838,1165695,1688203,0.6939546599496221,0.9704329461457232,0.9228461816155142,0.9417249456258288
7,490500,"[6, 8, 10, 1, 0, 3, 12]",4312,1830,1164362,1673535,0.6788413098236776,0.966209081309398,0.92179088502413,0.93354274152926
7,550500,"[6, 8, 10, 1, 0, 3, 2]",4695,1856,1190919,1721440,0.7391372795969773,0.9799366420274552,0.9428152748046158,0.9602654363237872
7,630500,"[6, 8, 10, 1, 0, 3, 7]",4902,1847,1209264,1704781,0.7717254408060453,0.9751847940865892,0.9573384675795154,0.9509725989877674
7,685500,"[6, 8, 10, 1, 0, 3, 9]",4650,1890,1202483,1785105,0.7320528967254408,0.9978880675818372,0.951970150860704,0.9957794821247178
7,552500,"[6, 8, 10, 1, 0, 11, 2]",4104,1829,1142411,1671706,0.646095717884131,0.9656810982048576,0.9044129289270016,0.9325224762379712
7,632500,"[6, 8, 10, 1, 0, 11, 7]",4311,1809,1156457,1635336,0.6786838790931989,0.9551214361140444,0.9155327308194104,0.9122343140487016
7,687500,"[6, 8, 10, 1, 0, 11, 9]",4059,1862,1153837,1732591,0.6390113350125944,0.9831045406546992,0.9134585544732542,0.96648576342229
7,552500,"[6, 8, 10, 1, 0, 12, 2]",4100,1829,1142229,1671706,0.6454659949622166,0.9656810982048576,0.9042688449212763,0.9325224762379712
7,632500,"[6, 8, 10, 1, 0, 12, 7]",4307,1810,1156278,1637145,0.6780541561712846,0.955649419218585,0.9153910218247684,0.9132434228031804
7,687500,"[6, 8, 10, 1, 0, 12, 9]",4055,1864,1153767,1736316,0.6383816120906801,0.9841605068637804,0.9134031375479752,0.9685636684031816
6,352500,"[6, 8, 10, 1, 0, 2]",4008,1820,1141004,1655290,0.6309823677581864,0.9609292502639916,0.903299048728894,0.9233651908241948
7,692500,"[6, 8, 10, 1, 0, 2, 7]",4690,1832,1185047,1677196,0.7383501259445844,0.9672650475184794,0.93816658644407,0.9355849455923592
6,432500,"[6, 8, 10, 1, 0, 7]",4215,1799,1155019,1617301,0.6635705289672544,0.9498416050686378,0.914394308840108,0.902173906980143
6,487500,"[6, 8, 10, 1, 0, 9]",3963,1856,1152602,1721440,0.6238979848866498,0.9799366420274552,0.9124808415772608,0.9602654363237872
6,182580,"[6, 8, 10, 4, 0, 5]",4177,1763,1087837,1553203,0.657588161209068,0.9308342133051742,0.861208310638783,0.8664183221572725
7,380580,"[6, 8, 10, 4, 0, 5, 3]",4864,1790,1130838,1601155,0.7657430730478589,0.945089757127772,0.8952509278376632,0.8931672348133037
8,580580,"[6, 8, 10, 4, 0, 5, 3, 11]",4960,1799,1132308,1617301,0.7808564231738035,0.9498416050686378,0.8964146832685219,0.902173906980143
8,580580,"[6, 8, 10, 4, 0, 5, 3, 12]",4956,1796,1131804,1611910,0.7802267002518891,0.948257655755016,0.8960156814065132,0.8991666624829654
8,640580,"[6, 8, 10, 4, 0, 5, 3, 2]",5339,1825,1158571,1664400,0.8405226700251889,0.9635691657866948,0.9172063219628358,0.928446993341221
7,382580,"[6, 8, 10, 4, 0, 5, 11]",4273,1773,1089393,1570878,0.6727015113350125,0.9361140443505808,0.8624401497206987,0.8762779115632484
8,582580,"[6, 8, 10, 4, 0, 5, 11, 12]",4365,1781,1090488,1585090,0.6871851385390428,0.940337909186906,0.8633070287661342,0.8842057466205455
8,642580,"[6, 8, 10, 4, 0, 5, 11, 2]",4748,1814,1120013,1644391,0.7474811083123426,0.9577613516367476,0.8866810961784488,0.9172854360895
7,382580,"[6, 8, 10, 4, 0, 5, 12]",4269,1771,1088935,1567335,0.6720717884130982,0.9350580781414994,0.862077564695302,0.8743015310673291
8,642580,"[6, 8, 10, 4, 0, 5, 12, 2]",4744,1813,1119568,1642578,0.7468513853904282,0.957233368532207,0.8863288028677467,0.9162740960276592
7,442580,"[6, 8, 10, 4, 0, 5, 2]",4652,1805,1118486,1628110,0.732367758186398,0.9530095036958818,0.8854722155370058,0.908203457299192
7,522580,"[6, 8, 10, 4, 0, 5, 7]",4859,1786,1133771,1594005,0.764955919395466,0.9429778247096092,0.8975728970068527,0.8891787729036728
7,577580,"[6, 8, 10, 4, 0, 5, 9]",4607,1833,1137321,1679028,0.7252833753148614,0.96779303062302,0.9003833267888584,0.9366068843641694
6,300100,"[6, 8, 10, 4, 0, 3]",4059,1775,1072429,1574425,0.6390113350125944,0.937170010559662,0.8490102537145173,0.8782565233665296
7,500100,"[6, 8, 10, 4, 0, 3, 11]",4155,1787,1074024,1595791,0.654124685138539,0.94350580781415,0.8502729679405171,0.8901750516408198
7,500100,"[6, 8, 10, 4, 0, 3, 12]",4151,1782,1073465,1586871,0.6534949622166247,0.9408658922914468,0.8498304242086463,0.88519923622349
7,560100,"[6, 8, 10, 4, 0, 3, 2]",4534,1812,1101279,1640766,0.7137909319899244,0.9567053854276664,0.8718499436330703,0.9152633137926592
7,640100,"[6, 8, 10, 4, 0, 3, 7]",4741,1800,1118850,1619100,0.7463790931989924,0.9503695881731784,0.8857603835484565,0.9031774374662166
7,695100,"[6, 8, 10, 4, 0, 3, 9]",4489,1842,1118346,1695561,0.7067065491183879,0.972544878563886,0.8853613816864478,0.9458294355182852
7,562100,"[6, 8, 10, 4, 0, 11, 2]",3943,1748,1030664,1526878,0.6207493702770781,0.9229144667370645,0.8159461410819917,0.8517335305809042
7,642100,"[6, 8, 10, 4, 0, 11, 7]",4150,1731,1045010,1497315,0.6533375314861462,0.9139387539598732,0.827303444082739,0.8352424956949713
7,697100,"[6, 8, 10, 4, 0, 11, 9]",3898,1813,1051569,1642578,0.6136649874055415,0.957233368532207,0.83249600998138,0.9162740960276592
7,562100,"[6, 8, 10, 4, 0, 12, 2]",3939,1744,1030150,1519896,0.6201196473551638,0.9208025343189018,0.8155392225163718,0.8478387835804785
7,642100,"[6, 8, 10, 4, 0, 12, 7]",4146,1726,1044483,1488675,0.6527078085642317,0.91129883843717,0.8268862338024244,0.8304228717929838
7,697100,"[6, 8, 10, 4, 0, 12, 9]",3894,1812,1051221,1640766,0.6130352644836272,0.9567053854276664,0.8322205086957073,0.9152633137926592
6,362100,"[6, 8, 10, 4, 0, 2]",3847,1735,1028998,1504245,0.6056360201511335,0.916050686378036,0.8146272182603519,0.8391082356996906
6,442100,"[6, 8, 10, 4, 0, 7]",4054,1717,1043317,1473186,0.6382241813602015,0.9065469904963042,0.8259631461613488,0.8217826918603581
6,355580,"[6, 8, 10, 0, 5, 3]",4012,1772,1057517,1569106,0.6316120906801007,0.9355860612460402,0.8372048652893713,0.8752894424018685
7,555580,"[6, 8, 10, 0, 5, 3, 11]",4108,1781,1059127,1585090,0.6467254408060453,0.940337909186906,0.838479454570788,0.8842057466205455
7,555580,"[6, 8, 10, 0, 5, 3, 12]",4104,1779,1058684,1581531,0.646095717884131,0.9392819429778247,0.8381287446008081,0.8822204408951781
7,615580,"[6, 8, 10, 0, 5, 3, 2]",4487,1816,1089614,1648020,0.7063916876574308,0.9588173178458288,0.8626151088705081,0.9193097896937028
7,695580,"[6, 8, 10, 0, 5, 3, 7]",4694,1795,1104367,1610115,0.7389798488664987,0.9477296726504753,0.8742946217082347,0.8981653633042538
7,617580,"[6, 8, 10, 0, 5, 11, 2]",3896,1788,1030589,1597578,0.6133501259445844,0.9440337909186906,0.815886765804907,0.8911718882048072
7,697580,"[6, 8, 10, 0, 5, 11, 7]",4103,1761,1041202,1549680,0.6459382871536524,0.9297782470960928,0.8242887633475623,0.8644530981981635
7,617580,"[6, 8, 10, 0, 5, 12, 2]",3892,1788,1030220,1597578,0.6127204030226701,0.9440337909186906,0.8155946394416508,0.8911718882048072
7,697580,"[6, 8, 10, 0, 5, 12, 7]",4099,1761,1040833,1549680,0.645308564231738,0.9297782470960928,0.8239966369843059,0.8644530981981635
6,497580,"[6, 8, 10, 0, 5, 7]",4007,1749,1039450,1528626,0.6308249370277078,0.9234424498416052,0.8229017568748654,0.8527086118981118
5,103100,"[6, 8, 1, 4, 0]",3922,1809,1171102,1635336,0.6174433249370277,0.9551214361140444,0.9271267432581352,0.9122343140487016
6,183580,"[6, 8, 1, 4, 0, 5]",4727,1824,1202296,1662576,0.7441750629722922,0.9630411826821542,0.9518221085031732,0.9274295171841348
7,381580,"[6, 8, 1, 4, 0, 5, 3]",5414,1846,1231518,1702935,0.8523299748110831,0.9746568109820486,0.9749562997960656,0.94994285064019
8,581580,"[6, 8, 1, 4, 0, 5, 3, 11]",5510,1855,1232777,1719585,0.8674433249370277,0.9794086589229144,0.9759530127807264,0.9592306675346453
8,581580,"[6, 8, 1, 4, 0, 5, 3, 12]",5506,1850,1232369,1710325,0.8668136020151134,0.9767687434002112,0.975630011273386,0.9540651909915429
8,641580,"[6, 8, 1, 4, 0, 5, 3, 2]",5889,1871,1255602,1749385,0.9271095717884132,0.9878563885955648,0.994022888773481,0.9758539073817784
7,383580,"[6, 8, 1, 4, 0, 5, 11]",4823,1833,1203608,1679028,0.7592884130982368,0.96779303062302,0.9528607800169734,0.9366068843641694
8,583580,"[6, 8, 1, 4, 0, 5, 11, 12]",4915,1840,1204592,1691880,0.773772040302267,0.9714889123548046,0.9536397836523236,0.943776074918376
8,643580,"[6, 8, 1, 4, 0, 5, 11, 2]",5298,1864,1230370,1736316,0.8340680100755667,0.9841605068637804,0.9740474622214904,0.9685636684031816
7,383580,"[6, 8, 1, 4, 0, 5, 12]",4819,1831,1203283,1675365,0.7586586901763224,0.9667370644139388,0.9526034871496069,0.9345635646473892
8,643580,"[6, 8, 1, 4, 0, 5, 12, 2]",5294,1862,1230049,1732591,0.8334382871536524,0.9831045406546992,0.9737933360355682,0.96648576342229
7,443580,"[6, 8, 1, 4, 0, 5, 2]",5202,1856,1229089,1721440,0.8189546599496221,0.9799366420274552,0.9730333324888848,0.9602654363237872
7,523580,"[6, 8, 1, 4, 0, 5, 7]",5409,1844,1247615,1699246,0.8515428211586902,0.9736008447729672,0.9876998175991488,0.9478850274255566
7,578580,"[6, 8, 1, 4, 0, 5, 9]",5157,1883,1242205,1771903,0.8118702770780857,0.9941921858500528,0.9834168809454444,0.9884150521763336
6,301100,"[6, 8, 1, 4, 0, 3]",4609,1838,1209198,1688203,0.7255982367758187,0.9704329461457232,0.9572862173356808,0.9417249456258288
7,501100,"[6, 8, 1, 4, 0, 3, 11]",4705,1847,1210487,1704781,0.7407115869017632,0.9751847940865892,0.9583066804311754,0.9509725989877674
7,501100,"[6, 8, 1, 4, 0, 3, 12]",4701,1843,1210115,1697403,0.7400818639798489,0.9730728616684268,0.9580121790568356,0.9468569525585008
7,561100,"[6, 8, 1, 4, 0, 3, 2]",5084,1864,1234159,1736316,0.8003778337531486,0.9841605068637804,0.9770471012198056,0.9685636684031816
7,641100,"[6, 8, 1, 4, 0, 3, 7]",5291,1859,1255011,1727011,0.8329659949622166,0.981520591341077,0.993555011590054,0.9633730896522564
7,696100,"[6, 8, 1, 4, 0, 3, 9]",5039,1894,1246492,1792671,0.7932934508816121,1.0,0.9868107717836015,1.0
6,303100,"[6, 8, 1, 4, 0, 11]",4018,1818,1172444,1651653,0.6325566750629723,0.9598732840549102,0.9281891648827696,0.9213363746052676
7,503100,"[6, 8, 1, 4, 0, 11, 12]",4110,1826,1173494,1666225,0.6470403022670025,0.9640971488912354,0.9290204187619542,0.9294650273251478
7,563100,"[6, 8, 1, 4, 0, 11, 2]",4493,1851,1200469,1712175,0.7073362720403022,0.977296726504752,0.9503757267533915,0.9550971706464824
7,643100,"[6, 8, 1, 4, 0, 11, 7]",4700,1840,1218491,1691880,0.7399244332493703,0.9714889123548046,0.9646432100016468,0.943776074918376
7,698100,"[6, 8, 1, 4, 0, 11, 9]",4448,1880,1213944,1766260,0.7002518891687658,0.9926082365364308,0.961043484869596,0.985267235315348
6,303100,"[6, 8, 1, 4, 0, 12]",4014,1817,1172155,1649836,0.631926952141058,0.9593453009503696,0.9279603721484032,0.9203228032360652
7,563100,"[6, 8, 1, 4, 0, 12, 2]",4489,1850,1200184,1710325,0.7067065491183879,0.9767687434002112,0.95015010070047,0.9540651909915429
7,643100,"[6, 8, 1, 4, 0, 12, 7]",4696,1839,1218203,1690041,0.739294710327456,0.970960929250264,0.9644152089376417,0.942750231358682
7,698100,"[6, 8, 1, 4, 0, 12, 9]",4444,1880,1213763,1766260,0.6996221662468514,0.9926082365364308,0.960900192534232,0.985267235315348
6,363100,"[6, 8, 1, 4, 0, 2]",4397,1843,1199158,1697403,0.6922229219143576,0.9730728616684268,0.9493378469099524,0.9468569525585008
6,443100,"[6, 8, 1, 4, 0, 7]",4604,1831,1217152,1675365,0.7248110831234257,0.9667370644139388,0.9635831633880958,0.9345635646473892
6,498100,"[6, 8, 1, 4, 0, 9]",4352,1875,1212806,1756875,0.6851385390428212,0.9899683210137276,0.960142563998632,0.980032030417182
5,158580,"[6, 8, 1, 0, 5]",3875,1800,1151065,1619100,0.610044080604534,0.9503695881731784,0.9112640442322064,0.9031774374662166
6,356580,"[6, 8, 1, 0, 5, 3]",4562,1833,1191037,1679028,0.718198992443325,0.96779303062302,0.9429086919072288,0.9366068843641694
7,556580,"[6, 8, 1, 0, 5, 3, 11]",4658,1842,1192417,1695561,0.7333123425692695,0.972544878563886,0.944001197005586,0.9458294355182852
7,556580,"[6, 8, 1, 0, 5, 3, 12]",4654,1838,1192060,1688203,0.7326826196473551,0.9704329461457232,0.9437185706866632,0.9417249456258288
7,616580,"[6, 8, 1, 0, 5, 3, 2]",5037,1865,1218667,1738180,0.7929785894206549,0.984688489968321,0.9647825439852052,0.9696034576338882
7,696580,"[6, 8, 1, 0, 5, 3, 7]",5244,1854,1237056,1717731,0.825566750629723,0.9788806758183738,0.9793405702559944,0.9581964565723438
6,358580,"[6, 8, 1, 0, 5, 11]",3971,1811,1152556,1638955,0.6251574307304786,0.9561774023231256,0.9124444247406488,0.9142530893844996
7,558580,"[6, 8, 1, 0, 5, 11, 12]",4063,1821,1153796,1657110,0.6396410579345088,0.9614572333685322,0.913426095988448,0.9243804356739188
7,618580,"[6, 8, 1, 0, 5, 11, 2]",4446,1851,1183934,1712175,0.6999370277078085,0.977296726504752,0.9372854573321342,0.9550971706464824
7,698580,"[6, 8, 1, 0, 5, 11, 7]",4653,1833,1198686,1679028,0.7325251889168766,0.96779303062302,0.9489641784994997,0.9366068843641694
6,358580,"[6, 8, 1, 0, 5, 12]",3967,1811,1152310,1638955,0.6245277078085643,0.9561774023231256,0.9122496738318112,0.9142530893844996
7,618580,"[6, 8, 1, 0, 5, 12, 2]",4442,1850,1183679,1710325,0.6993073047858942,0.9767687434002112,0.9370835813900464,0.9540651909915429
7,698580,"[6, 8, 1, 0, 5, 12, 7]",4649,1833,1198440,1679028,0.7318954659949622,0.96779303062302,0.948769427590662,0.9366068843641694
6,418580,"[6, 8, 1, 0, 5, 2]",4350,1842,1182481,1695561,0.684823677581864,0.972544878563886,0.9361351602974148,0.9458294355182852
6,498580,"[6, 8, 1, 0, 5, 7]",4557,1822,1197197,1658931,0.717411838790932,0.9619852164730728,0.9477853813317796,0.9253962383504836
6,553580,"[6, 8, 1, 0, 5, 9]",4305,1874,1194304,1755001,0.6777392947103275,0.989440337909187,0.9454950789770352,0.9789866629180703
6,476100,"[6, 8, 1, 0, 3, 11]",3853,1827,1155212,1668051,0.6065806045340051,0.9646251319957762,0.9145471012198056,0.930483619135915
7,676100,"[6, 8, 1, 0, 3, 11, 12]",3945,1833,1156303,1679028,0.6210642317380353,0.96779303062302,0.9154108135837968,0.9366068843641694
6,476100,"[6, 8, 1, 0, 3, 12]",3849,1824,1154893,1662576,0.6059508816120907,0.9630411826821542,0.9142945583746056,0.9274295171841348
6,536100,"[6, 8, 1, 0, 3, 2]",4232,1851,1182358,1712175,0.6662468513853904,0.977296726504752,0.936037784842996,0.9550971706464824
6,616100,"[6, 8, 1, 0, 3, 7]",4439,1842,1200501,1695561,0.6988350125944585,0.972544878563886,0.9504010602049476,0.9458294355182852
6,671100,"[6, 8, 1, 0, 3, 9]",4187,1888,1194121,1781328,0.6591624685138538,0.996832101372756,0.9453502033009488,0.9936725701481196
6,618100,"[6, 8, 1, 0, 11, 7]",3848,1801,1146092,1620900,0.6057934508816121,0.9508975712777192,0.9073270675263152,0.9041815257791308
6,618100,"[6, 8, 1, 0, 12, 7]",3844,1802,1145889,1622701,0.6051637279596978,0.9514255543822596,0.907166358443006,0.9051861719188852
6,678100,"[6, 8, 1, 0, 2, 7]",4227,1825,1175735,1664400,0.6654596977329975,0.9635691657866948,0.9307945520412428,0.928446993341221
6,366180,"[6, 8, 4, 0, 5, 3]",4401,1785,1120547,1592220,0.6928526448362721,0.9424498416050686,0.8871038481512914,0.8881830519933663
7,566180,"[6, 8, 4, 0, 5, 3, 11]",4497,1795,1122097,1610115,0.7079659949622166,0.9477296726504753,0.8883309372110403,0.8981653633042538
7,566180,"[6, 8, 4, 0, 5, 3, 12]",4493,1791,1121556,1602945,0.7073362720403022,0.9456177402323126,0.8879026435456698,0.8941657448578127
7,626180,"[6, 8, 4, 0, 5, 3, 2]",4876,1821,1149775,1657110,0.767632241813602,0.9614572333685322,0.9102427894663508,0.9243804356739188
7,568180,"[6, 8, 4, 0, 5, 11, 12]",3902,1775,1078841,1574425,0.614294710327456,0.937170010559662,0.8540864440700723,0.8782565233665296
7,628180,"[6, 8, 4, 0, 5, 11, 2]",4285,1808,1110040,1633528,0.6745906801007556,0.9545934530095036,0.8787857676669157,0.9112257631210636
7,628180,"[6, 8, 4, 0, 5, 12, 2]",4281,1807,1109560,1631721,0.6739609571788413,0.954065469904963,0.8784057658935742,0.9102177700202658
6,428180,"[6, 8, 4, 0, 5, 2]",4189,1799,1108432,1617301,0.6594773299748111,0.9498416050686378,0.8775127617262214,0.902173906980143
6,508180,"[6, 8, 4, 0, 5, 7]",4396,1778,1122605,1579753,0.6920654911838791,0.938753959873284,0.8887331057544935,0.8812286247727553
6,563180,"[6, 8, 4, 0, 5, 9]",4144,1830,1126963,1673535,0.6523929471032746,0.966209081309398,0.8921832051882909,0.93354274152926
6,545700,"[6, 8, 4, 0, 3, 2]",4071,1808,1092195,1633528,0.6409005037783375,0.9545934530095036,0.8646584100725804,0.9112257631210636
6,625700,"[6, 8, 4, 0, 3, 7]",4278,1795,1108933,1610115,0.6734886649874056,0.9477296726504753,0.8779093885771467,0.8981653633042538
6,680700,"[6, 8, 4, 0, 3, 9]",4026,1841,1109133,1693720,0.6338161209068011,0.9720168954593452,0.8780677226493724,0.9448024763049104
6,687700,"[6, 8, 4, 0, 2, 7]",4066,1744,1063909,1519896,0.6401133501259446,0.9208025343189018,0.8422652222377037,0.8478387835804785
6,601180,"[6, 8, 0, 5, 3, 2]",4024,1812,1080135,1640766,0.6335012594458438,0.9567053854276664,0.8551108655173724,0.9152633137926592
6,681180,"[6, 8, 0, 5, 3, 7]",4231,1790,1094019,1601155,0.6660894206549118,0.945089757127772,0.8661024168112784,0.8931672348133037
5,110600,"[6, 10, 1, 4, 0]",3908,1804,1167509,1626306,0.6152392947103275,0.9524815205913412,0.9242822716506012,0.907197137678916
6,191080,"[6, 10, 1, 4, 0, 5]",4713,1825,1200099,1664400,0.741971032745592,0.9635691657866948,0.950082808719774,0.928446993341221
7,389080,"[6, 10, 1, 4, 0, 5, 3]",5400,1844,1228778,1699246,0.8501259445843828,0.9736008447729672,0.972787123006574,0.9478850274255566
8,589080,"[6, 10, 1, 4, 0, 5, 3, 11]",5496,1853,1230142,1715878,0.8652392947103275,0.9783526927138332,0.9738669613791532,0.9571628034368828
8,589080,"[6, 10, 1, 4, 0, 5, 3, 12]",5492,1849,1229640,1708476,0.8646095717884131,0.9762407602956704,0.9734695428578668,0.9530337691634438
8,649080,"[6, 10, 1, 4, 0, 5, 3, 2]",5875,1869,1253573,1745646,0.9249055415617128,0.9868004223864836,0.9924165896107516,0.9737681928251196
7,391080,"[6, 10, 1, 4, 0, 5, 11]",4809,1834,1201526,1680861,0.7570843828715366,0.9683210137275609,0.9512125223251042,0.9376293809628204
8,591080,"[6, 10, 1, 4, 0, 5, 11, 12]",4901,1841,1202514,1693720,0.7715680100755667,0.9720168954593452,0.951994692641899,0.9448024763049104
8,651080,"[6, 10, 1, 4, 0, 5, 11, 2]",5284,1865,1228921,1738180,0.8318639798488665,0.984688489968321,0.9729003318682152,0.9696034576338882
7,391080,"[6, 10, 1, 4, 0, 5, 12]",4805,1832,1201090,1677196,0.7564546599496221,0.9672650475184794,0.9508673540476522,0.9355849455923592
8,651080,"[6, 10, 1, 4, 0, 5, 12, 2]",5280,1863,1228504,1734453,0.8312342569269522,0.9836325237592396,0.9725702053276248,0.9675244369993156
7,451080,"[6, 10, 1, 4, 0, 5, 2]",5188,1856,1227530,1721440,0.8167506297229219,0.9799366420274552,0.9717991183958858,0.9602654363237872
7,531080,"[6, 10, 1, 4, 0, 5, 7]",5395,1847,1245642,1704781,0.8493387909319899,0.9751847940865892,0.9861378519766426,0.9509725989877674
7,586080,"[6, 10, 1, 4, 0, 5, 9]",5143,1879,1240222,1764381,0.8096662468513854,0.9920802534318902,0.9818469986193268,0.9842190786820336
6,308600,"[6, 10, 1, 4, 0, 3]",4595,1833,1205573,1679028,0.7233942065491183,0.96779303062302,0.9544164122765906,0.9366068843641694
7,508600,"[6, 10, 1, 4, 0, 3, 11]",4691,1842,1206967,1695561,0.738507556675063,0.972544878563886,0.9555200007600037,0.9458294355182852
7,508600,"[6, 10, 1, 4, 0, 3, 12]",4687,1839,1206501,1690041,0.7378778337531486,0.970960929250264,0.9551510823717178,0.942750231358682
7,568600,"[6, 10, 1, 4, 0, 3, 2]",5070,1862,1231682,1732591,0.7981738035264484,0.9831045406546992,0.9750861337352908,0.96648576342229
7,648600,"[6, 10, 1, 4, 0, 3, 7]",5277,1859,1251669,1727011,0.8307619647355163,0.981520591341077,0.9909092492431631,0.9633730896522564
6,310600,"[6, 10, 1, 4, 0, 11]",4004,1813,1168966,1642578,0.6303526448362721,0.957233368532207,0.925435735366765,0.9162740960276592
7,510600,"[6, 10, 1, 4, 0, 11, 12]",4096,1821,1170020,1657110,0.6448362720403022,0.9614572333685322,0.9262701559273944,0.9243804356739188
7,570600,"[6, 10, 1, 4, 0, 11, 2]",4479,1849,1198066,1708476,0.705132241813602,0.9762407602956704,0.9484733428756,0.9530337691634438
7,650600,"[6, 10, 1, 4, 0, 11, 7]",4686,1840,1215252,1691880,0.7377204030226701,0.9714889123548046,0.962078989701952,0.943776074918376
6,310600,"[6, 10, 1, 4, 0, 12]",4000,1812,1168566,1640766,0.6297229219143576,0.9567053854276664,0.9251190672223136,0.9152633137926592
7,570600,"[6, 10, 1, 4, 0, 12, 2]",4475,1848,1197685,1706628,0.7045025188916877,0.97571277719113,0.9481717164680102,0.9520029051621852
7,650600,"[6, 10, 1, 4, 0, 12, 7]",4682,1838,1214850,1688203,0.7370906801007556,0.9704329461457232,0.9617607382167784,0.9417249456258288
6,370600,"[6, 10, 1, 4, 0, 2]",4383,1840,1196645,1691880,0.6900188916876574,0.9714889123548046,0.9473483792924366,0.943776074918376
6,450600,"[6, 10, 1, 4, 0, 7]",4590,1831,1213800,1675365,0.7226070528967254,0.9667370644139388,0.9609294843375936,0.9345635646473892
6,505600,"[6, 10, 1, 4, 0, 9]",4338,1868,1209520,1743778,0.6829345088161209,0.986272439281943,0.9575411351919644,0.972726172287051
5,166080,"[6, 10, 1, 0, 5]",3861,1797,1147781,1613706,0.6078400503778337,0.9487856388595564,0.9086641987662608,0.9001685194885174
6,364080,"[6, 10, 1, 0, 5, 3]",4548,1828,1187486,1669878,0.7159949622166247,0.9651531151003168,0.940097470454862,0.9315027687735228
7,564080,"[6, 10, 1, 0, 5, 3, 11]",4644,1838,1189032,1688203,0.7311083123425692,0.9704329461457232,0.9413213928331664,0.9417249456258288
7,564080,"[6, 10, 1, 0, 5, 3, 12]",4640,1834,1188521,1680861,0.7304785894206549,0.9683210137275609,0.94091684927863,0.9376293809628204
7,624080,"[6, 10, 1, 0, 5, 3, 2]",5023,1862,1216106,1732591,0.7907745591939547,0.9831045406546992,0.9627550761903556,0.96648576342229
6,366080,"[6, 10, 1, 0, 5, 11]",3957,1811,1149465,1638955,0.6229534005037783,0.9561774023231256,0.9099973716544012,0.9142530893844996
7,566080,"[6, 10, 1, 0, 5, 11, 12]",4049,1821,1150710,1657110,0.6374370277078085,0.9614572333685322,0.910983001254006,0.9243804356739188
7,626080,"[6, 10, 1, 0, 5, 11, 2]",4432,1853,1182011,1715878,0.6977329974811083,0.9783526927138332,0.9357630752276844,0.9571628034368828
6,366080,"[6, 10, 1, 0, 5, 12]",3953,1808,1149031,1633528,0.622323677581864,0.9545934530095036,0.9096537867176714,0.9112257631210636
7,626080,"[6, 10, 1, 0, 5, 12, 2]",4428,1851,1181588,1712175,0.697103274559194,0.977296726504752,0.9354281986649272,0.9550971706464824
6,426080,"[6, 10, 1, 0, 5, 2]",4336,1842,1180375,1695561,0.6826196473551638,0.972544878563886,0.9344679025168784,0.9458294355182852
6,506080,"[6, 10, 1, 0, 5, 7]",4543,1821,1194030,1657110,0.7152078085642317,0.9614572333685322,0.945278161298086,0.9243804356739188
6,561080,"[6, 10, 1, 0, 5, 9]",4291,1868,1191524,1743778,0.6755352644836272,0.986272439281943,0.9432942353730984,0.972726172287051
6,483600,"[6, 10, 1, 0, 3, 11]",3839,1821,1151250,1657110,0.6043765743073047,0.9614572333685322,0.9114105032490152,0.9243804356739188
7,683600,"[6, 10, 1, 0, 3, 11, 12]",3931,1828,1152353,1669878,0.618860201511335,0.9651531151003168,0.9122837156573398,0.9315027687735228
6,483600,"[6, 10, 1, 0, 3, 12]",3835,1818,1150777,1651653,0.6037468513853904,0.9598732840549102,0.9110360431682014,0.9213363746052676
6,543600,"[6, 10, 1, 0, 3, 2]",4218,1849,1179657,1708476,0.6640428211586902,0.9762407602956704,0.9338994831975884,0.9530337691634438
6,623600,"[6, 10, 1, 0, 3, 7]",4425,1839,1196513,1690041,0.6966309823677582,0.970960929250264,0.9472438788047678,0.942750231358682
6,678600,"[6, 10, 1, 0, 3, 9]",4173,1880,1190423,1766260,0.6569584382871536,0.9926082365364308,0.942422606305496,0.985267235315348
6,625600,"[6, 10, 1, 0, 11, 7]",3834,1800,1142009,1619100,0.6035894206549118,0.9503695881731784,0.904094677441828,0.9031774374662166
6,625600,"[6, 10, 1, 0, 12, 7]",3830,1797,1141615,1613706,0.6029596977329975,0.9487856388595564,0.9037827593195434,0.9001685194885174
6,685600,"[6, 10, 1, 0, 2, 7]",4213,1824,1172993,1662576,0.6632556675062973,0.9630411826821542,0.928623791911029,0.9274295171841348
6,373680,"[6, 10, 4, 0, 5, 3]",4387,1783,1117393,1588653,0.6906486146095718,0.9413938753959872,0.8846069198322926,0.8861932836532749
7,573680,"[6, 10, 4, 0, 5, 3, 11]",4483,1793,1119059,1606528,0.7057619647355163,0.946673706441394,0.8859258426539324,0.8961644384273523
7,573680,"[6, 10, 4, 0, 5, 3, 12]",4479,1790,1118413,1601155,0.705132241813602,0.945089757127772,0.8854144236006435,0.8931672348133037
7,633680,"[6, 10, 4, 0, 5, 3, 2]",4862,1819,1147290,1653471,0.7654282115869018,0.9604012671594508,0.9082754886189468,0.922350503801311
7,575680,"[6, 10, 4, 0, 5, 11, 12]",3888,1775,1076056,1574425,0.6120906801007556,0.937170010559662,0.8518816421143298,0.8782565233665296
7,635680,"[6, 10, 4, 0, 5, 11, 2]",4271,1808,1107842,1633528,0.6723866498740554,0.9545934530095036,0.8770456762131557,0.9112257631210636
7,635680,"[6, 10, 4, 0, 5, 12, 2]",4267,1807,1107255,1631721,0.6717569269521411,0.954065469904963,0.8765809657111733,0.9102177700202658
6,435680,"[6, 10, 4, 0, 5, 2]",4175,1798,1106113,1615503,0.6572732997481109,0.9493136219640972,0.8756768781587647,0.90117093432091
6,515680,"[6, 10, 4, 0, 5, 7]",4382,1780,1119867,1583310,0.6898614609571788,0.9398099260823654,0.8865655123057241,0.8832128148444416
6,570680,"[6, 10, 4, 0, 5, 9]",4130,1826,1124784,1666225,0.6501889168765743,0.9640971488912354,0.8904581554713922,0.9294650273251478
6,553200,"[6, 10, 4, 0, 3, 2]",4057,1802,1088187,1622701,0.6386964735516373,0.9514255543822596,0.8614853952651779,0.9051861719188852
6,633200,"[6, 10, 4, 0, 3, 7]",4264,1791,1104118,1602945,0.6712846347607053,0.9456177402323126,0.8740974957883136,0.8941657448578127
6,688200,"[6, 10, 4, 0, 3, 9]",4012,1832,1104787,1677196,0.6316120906801007,0.9672650475184794,0.8746271232599085,0.9355849455923592
6,695200,"[6, 10, 4, 0, 2, 7]",4052,1737,1059449,1507716,0.6379093198992444,0.9171066525871172,0.8387343724270713,0.8410444526630932
6,608680,"[6, 10, 0, 5, 3, 2]",4010,1809,1076947,1635336,0.6312972292191436,0.9551214361140444,0.8525870204060952,0.9122343140487016
6,688680,"[6, 10, 0, 5, 3, 7]",4217,1787,1090039,1595791,0.6638853904282116,0.94350580781415,0.8629515687739876,0.8901750516408198
5,176680,"[6, 1, 4, 0, 5]",4250,1796,1181251,1611910,0.6690806045340051,0.948257655755016,0.9351614057532268,0.8991666624829654
6,374680,"[6, 1, 4, 0, 5, 3]",4937,1821,1211790,1657110,0.777235516372796,0.9614572333685322,0.9593382269117255,0.9243804356739188
7,574680,"[6, 1, 4, 0, 5, 3, 11]",5033,1832,1213334,1677196,0.7923488664987406,0.9672650475184794,0.9605605659493076,0.9355849455923592
7,574680,"[6, 1, 4, 0, 5, 3, 12]",5029,1826,1212720,1666225,0.7917191435768262,0.9640971488912354,0.9600744803475748,0.9294650273251478
7,634680,"[6, 1, 4, 0, 5, 3, 2]",5412,1847,1238271,1704781,0.8520151133501259,0.9751847940865892,0.9803024497447654,0.9509725989877674
6,376680,"[6, 1, 4, 0, 5, 11]",4346,1809,1182873,1635336,0.6841939546599496,0.9551214361140444,0.936445495078977,0.9122343140487016
7,576680,"[6, 1, 4, 0, 5, 11, 12]",4438,1818,1183954,1651653,0.6986775818639799,0.9598732840549102,0.9373012907393568,0.9213363746052676
7,636680,"[6, 1, 4, 0, 5, 11, 2]",4821,1842,1212504,1695561,0.7589735516372796,0.972544878563886,0.9599034795495712,0.9458294355182852
6,376680,"[6, 1, 4, 0, 5, 12]",4342,1805,1182335,1628110,0.6835642317380353,0.9530095036958818,0.93601957642469,0.908203457299192
7,636680,"[6, 1, 4, 0, 5, 12, 2]",4817,1839,1211982,1690041,0.7583438287153652,0.970960929250264,0.9594902276210624,0.942750231358682
6,436680,"[6, 1, 4, 0, 5, 2]",4725,1832,1210930,1677196,0.743860201511335,0.9672650475184794,0.9586573904011552,0.9355849455923592
6,516680,"[6, 1, 4, 0, 5, 7]",4932,1818,1227796,1651653,0.7764483627204031,0.9598732840549102,0.972009702711946,0.9213363746052676
6,571680,"[6, 1, 4, 0, 5, 9]",4680,1858,1223085,1725153,0.7367758186397985,0.9809926082365364,0.9682801436406704,0.9623366473825928
5,294200,"[6, 1, 4, 0, 3]",4132,1809,1188062,1635336,0.6505037783375315,0.9551214361140444,0.940553472582872,0.9122343140487016
6,494200,"[6, 1, 4, 0, 3, 11]",4228,1820,1189640,1655290,0.6656171284634761,0.9609292502639916,0.9418027284127326,0.9233651908241948
7,694200,"[6, 1, 4, 0, 3, 11, 12]",4320,1826,1190637,1666225,0.6801007556675063,0.9640971488912354,0.9425920237627776,0.9294650273251478
6,494200,"[6, 1, 4, 0, 3, 12]",4224,1815,1189059,1646205,0.6649874055415617,0.9582893347412884,0.941342767932917,0.9182973339781813
6,554200,"[6, 1, 4, 0, 3, 2]",4607,1839,1215861,1690041,0.7252833753148614,0.970960929250264,0.9625611169518792,0.942750231358682
6,634200,"[6, 1, 4, 0, 3, 7]",4814,1835,1235243,1682695,0.7578715365239295,0.9688489968321014,0.9779052718912687,0.9386524353883116
6,689200,"[6, 1, 4, 0, 3, 9]",4562,1869,1227222,1745646,0.718198992443325,0.9868004223864836,0.9715552839246584,0.9737681928251196
6,556200,"[6, 1, 4, 0, 11, 2]",4016,1825,1181031,1664400,0.6322418136020151,0.9635691657866948,0.9349872382737786,0.928446993341221
6,636200,"[6, 1, 4, 0, 11, 7]",4223,1814,1197034,1644391,0.6648299748110831,0.9577613516367476,0.9476563390629156,0.9172854360895
6,691200,"[6, 1, 4, 0, 11, 9]",3971,1855,1193131,1719585,0.6251574307304786,0.9794086589229144,0.9445664496434316,0.9592306675346453
6,556200,"[6, 1, 4, 0, 12, 2]",4012,1823,1180542,1660753,0.6316120906801007,0.9625131995776136,0.9346001114671868,0.9264125988538888
6,636200,"[6, 1, 4, 0, 12, 7]",4219,1810,1196532,1637145,0.6642002518891688,0.955649419218585,0.9472589205416292,0.9132434228031804
6,691200,"[6, 1, 4, 0, 12, 9]",3967,1854,1192779,1717731,0.6245277078085643,0.9788806758183738,0.9442877816763144,0.9581964565723438
5,356200,"[6, 1, 4, 0, 2]",3920,1815,1179423,1646205,0.6171284634760705,0.9582893347412884,0.9337142323330844,0.9182973339781813
6,696200,"[6, 1, 4, 0, 2, 7]",4602,1827,1224309,1668051,0.7244962216624685,0.9646251319957762,0.9692491481626916,0.930483619135915
5,436200,"[6, 1, 4, 0, 7]",4127,1801,1195389,1620900,0.6497166246851386,0.9508975712777192,0.9463540413188596,0.9041815257791308
5,491200,"[6, 1, 4, 0, 9]",3875,1847,1191724,1704781,0.610044080604534,0.9751847940865892,0.943452569445324,0.9509725989877674
5,349680,"[6, 1, 0, 5, 3]",4085,1805,1169437,1628110,0.6431045340050378,0.9530095036958818,0.9258086121068564,0.908203457299192
6,549680,"[6, 1, 0, 5, 3, 11]",4181,1817,1171181,1649836,0.6582178841309824,0.9593453009503696,0.9271892852166644,0.9203228032360652
6,549680,"[6, 1, 0, 5, 3, 12]",4177,1811,1170542,1638955,0.657588161209068,0.9561774023231256,0.9266834078559032,0.9142530893844996
6,609680,"[6, 1, 0, 5, 3, 2]",4560,1840,1199803,1691880,0.7178841309823678,0.9714889123548046,0.94984847429288,0.943776074918376
6,689680,"[6, 1, 0, 5, 3, 7]",4767,1828,1216766,1669878,0.7504722921914357,0.9651531151003168,0.9632775786287002,0.9315027687735228
6,611680,"[6, 1, 0, 5, 11, 2]",3969,1829,1163750,1671706,0.6248425692695214,0.9656810982048576,0.9213063827631196,0.9325224762379712
6,691680,"[6, 1, 0, 5, 11, 7]",4176,1809,1176350,1635336,0.6574307304785895,0.9551214361140444,0.9312814293133368,0.9122343140487016
6,611680,"[6, 1, 0, 5, 12, 2]",3965,1826,1163206,1666225,0.6242128463476071,0.9640971488912354,0.9208757140866656,0.9294650273251478
6,691680,"[6, 1, 0, 5, 12, 7]",4172,1803,1175800,1624503,0.656801007556675,0.9519535374868004,0.9308460106147162,0.9061913758854804
5,411680,"[6, 1, 0, 5, 2]",3873,1817,1161913,1649836,0.6097292191435768,0.9593453009503696,0.9198520843097268,0.9203228032360652
5,491680,"[6, 1, 0, 5, 7]",4080,1791,1174463,1602945,0.6423173803526449,0.9456177402323126,0.9297875473418876,0.8941657448578127
5,546680,"[6, 1, 0, 5, 9]",3828,1847,1172636,1704781,0.6026448362720404,0.9751847940865892,0.928341165592106,0.9509725989877674
5,609200,"[6, 1, 0, 3, 7]",3962,1815,1178829,1646205,0.6237405541561712,0.9582893347412884,0.933243980138574,0.9182973339781813
5,359280,"[6, 4, 0, 5, 3]",3924,1758,1097335,1544403,0.6177581863979849,0.928194297782471,0.8687275957287801,0.8615094459608037
6,559280,"[6, 4, 0, 5, 3, 11]",4020,1770,1099214,1565565,0.6328715365239295,0.9345300950369588,0.8702151443373403,0.8733141775596303
6,559280,"[6, 4, 0, 5, 3, 12]",4016,1765,1098423,1556730,0.6322418136020151,0.9318901795142556,0.8695889330816877,0.8683857774237437
6,619280,"[6, 4, 0, 5, 3, 2]",4399,1797,1129842,1613706,0.6925377833753149,0.9487856388595564,0.8944624241579794,0.9001685194885174
6,699280,"[6, 4, 0, 5, 3, 7]",4606,1781,1144965,1585090,0.7251259445843828,0.940337909186906,0.9064348550293234,0.8842057466205455
5,501280,"[6, 4, 0, 5, 7]",3919,1749,1098832,1528626,0.616971032745592,0.9234424498416052,0.8699127262593892,0.8527086118981118
5,111500,"[8, 10, 1, 4, 0]",3938,1799,1166348,1617301,0.6199622166246851,0.9498416050686378,0.923363142361331,0.902173906980143
6,191980,"[8, 10, 1, 4, 0, 5]",4743,1821,1198972,1657110,0.7466939546599496,0.9614572333685322,0.9491905962227823,0.9243804356739188
7,389980,"[8, 10, 1, 4, 0, 5, 3]",5430,1845,1229141,1701090,0.8548488664987406,0.974128827877508,0.9730744993476635,0.948913660119453
8,589980,"[8, 10, 1, 4, 0, 5, 3, 11]",5526,1853,1230425,1715878,0.8699622166246851,0.9783526927138332,0.9740910040913524,0.9571628034368828
8,589980,"[8, 10, 1, 4, 0, 5, 3, 12]",5522,1849,1230009,1708476,0.8693324937027708,0.9762407602956704,0.9737616692211232,0.9530337691634438
8,649980,"[8, 10, 1, 4, 0, 5, 3, 2]",5905,1872,1254880,1751256,0.9296284634760704,0.9883843717001056,0.9934513027727464,0.9768976014003684
7,391980,"[8, 10, 1, 4, 0, 5, 11]",4839,1829,1200306,1671706,0.7618073047858942,0.9656810982048576,0.9502466844845276,0.9325224762379712
8,591980,"[8, 10, 1, 4, 0, 5, 11, 12]",4931,1836,1201306,1684530,0.7762909319899244,0.969376979936642,0.951038354845656,0.9396760476406436
8,651980,"[8, 10, 1, 4, 0, 5, 11, 2]",5314,1864,1228808,1736316,0.8365869017632241,0.9841605068637804,0.972810873117408,0.9685636684031816
7,391980,"[8, 10, 1, 4, 0, 5, 12]",4835,1828,1199975,1669878,0.7611775818639799,0.9651531151003168,0.949984641594994,0.9315027687735228
8,651980,"[8, 10, 1, 4, 0, 5, 12, 2]",5310,1862,1228485,1732591,0.8359571788413098,0.9831045406546992,0.9725551635907634,0.96648576342229
7,451980,"[8, 10, 1, 4, 0, 5, 2]",5218,1856,1227505,1721440,0.8214735516372796,0.9799366420274552,0.9717793266368576,0.9602654363237872
7,531980,"[8, 10, 1, 4, 0, 5, 7]",5425,1843,1244496,1697403,0.8540617128463476,0.9730728616684268,0.9852305977427894,0.9468569525585008
7,586980,"[8, 10, 1, 4, 0, 5, 9]",5173,1880,1240535,1766260,0.8143891687657431,0.9926082365364308,0.98209479144236,0.985267235315348
6,309500,"[8, 10, 1, 4, 0, 3]",4625,1833,1205946,1679028,0.7281171284634761,0.96779303062302,0.9547117053212916,0.9366068843641694
7,509500,"[8, 10, 1, 4, 0, 3, 11]",4721,1841,1207258,1693720,0.7432304785894207,0.9720168954593452,0.955750376835092,0.9448024763049104
7,509500,"[8, 10, 1, 4, 0, 3, 12]",4717,1839,1206896,1690041,0.7426007556675063,0.970960929250264,0.9554637921643634,0.942750231358682
7,569500,"[8, 10, 1, 4, 0, 3, 2]",5100,1864,1232919,1736316,0.802896725440806,0.9841605068637804,0.9760654299720064,0.9685636684031816
7,649500,"[8, 10, 1, 4, 0, 3, 7]",5307,1858,1251989,1725153,0.8354848866498741,0.9809926082365364,0.9911625837587242,0.9623366473825928
6,311500,"[8, 10, 1, 4, 0, 11]",4034,1807,1167710,1631721,0.6350755667506297,0.954065469904963,0.924441397393188,0.9102177700202658
7,511500,"[8, 10, 1, 4, 0, 11, 12]",4126,1816,1168792,1648020,0.64955919395466,0.9588173178458288,0.9252979847239288,0.9193097896937028
7,571500,"[8, 10, 1, 4, 0, 11, 2]",4509,1847,1197843,1704781,0.7098551637279596,0.9751847940865892,0.9482968003850684,0.9509725989877674
7,651500,"[8, 10, 1, 4, 0, 11, 7]",4716,1833,1213987,1679028,0.7424433249370277,0.96779303062302,0.9610775266951246,0.9366068843641694
6,311500,"[8, 10, 1, 4, 0, 12]",4030,1808,1167433,1633528,0.6344458438287154,0.9545934530095036,0.9242221047031552,0.9112257631210636
7,571500,"[8, 10, 1, 4, 0, 12, 2]",4505,1847,1197574,1704781,0.7092254408060453,0.9751847940865892,0.948083841057925,0.9509725989877674
7,651500,"[8, 10, 1, 4, 0, 12, 7]",4712,1834,1213710,1680861,0.7418136020151134,0.9683210137275609,0.960858234005092,0.9376293809628204
6,371500,"[8, 10, 1, 4, 0, 2]",4413,1839,1196512,1690041,0.6947418136020151,0.970960929250264,0.9472430871344066,0.942750231358682
6,451500,"[8, 10, 1, 4, 0, 7]",4620,1825,1212627,1664400,0.7273299748110831,0.9635691657866948,0.96000085500399,0.928446993341221
6,506500,"[8, 10, 1, 4, 0, 9]",4368,1869,1209797,1745646,0.6876574307304786,0.9868004223864836,0.9577604278819968,0.9737681928251196
5,166980,"[8, 10, 1, 0, 5]",3891,1791,1145764,1602945,0.6125629722921915,0.9456177402323126,0.907067399647865,0.8941657448578127
6,364980,"[8, 10, 1, 0, 5, 3]",4578,1827,1187089,1668051,0.7207178841309824,0.9646251319957762,0.9397831773214942,0.930483619135915
7,564980,"[8, 10, 1, 0, 5, 3, 11]",4674,1835,1188519,1682695,0.735831234256927,0.9688489968321014,0.9409152659379078,0.9386524353883116
7,564980,"[8, 10, 1, 0, 5, 3, 12]",4670,1832,1188147,1677196,0.7352015113350125,0.9672650475184794,0.940620764563568,0.9355849455923592
7,624980,"[8, 10, 1, 0, 5, 3, 2]",5053,1866,1217008,1740045,0.7954974811083123,0.9852164730728616,0.9634691628560932,0.9706438046914352
6,366980,"[8, 10, 1, 0, 5, 11]",3987,1802,1147307,1622701,0.627676322418136,0.9514255543822596,0.908288947015086,0.9051861719188852
7,566980,"[8, 10, 1, 0, 5, 11, 12]",4079,1813,1148589,1642578,0.6421599496221663,0.957233368532207,0.9093038684180528,0.9162740960276592
7,626980,"[8, 10, 1, 0, 5, 11, 2]",4462,1852,1181282,1714026,0.702455919395466,0.9778247096092924,0.935185947534422,0.9561297081282624
6,366980,"[8, 10, 1, 0, 5, 12]",3983,1803,1147051,1624503,0.6270465994962217,0.9519535374868004,0.9080862794026372,0.9061913758854804
7,626980,"[8, 10, 1, 0, 5, 12, 2]",4458,1851,1181019,1712175,0.7018261964735516,0.977296726504752,0.9349777382294452,0.9550971706464824
6,426980,"[8, 10, 1, 0, 5, 2]",4366,1843,1179779,1697403,0.6873425692695214,0.9730728616684268,0.933996066981646,0.9468569525585008
6,506980,"[8, 10, 1, 0, 5, 7]",4573,1815,1192023,1646205,0.7199307304785895,0.9582893347412884,0.9436892788833016,0.9182973339781813
6,561980,"[8, 10, 1, 0, 5, 9]",4321,1869,1191209,1745646,0.6802581863979849,0.9868004223864836,0.943044859209343,0.9737681928251196
6,484500,"[8, 10, 1, 0, 3, 11]",3869,1817,1150659,1649836,0.6090994962216625,0.9593453009503696,0.9109426260655884,0.9203228032360652
7,684500,"[8, 10, 1, 0, 3, 11, 12]",3961,1824,1151802,1662576,0.6235831234256927,0.9630411826821542,0.911847505288358,0.9274295171841348
6,484500,"[8, 10, 1, 0, 3, 12]",3865,1816,1150344,1648020,0.6084697732997482,0.9588173178458288,0.9106932499018328,0.9193097896937028
6,544500,"[8, 10, 1, 0, 3, 2]",4248,1852,1180407,1714026,0.6687657430730478,0.9778247096092924,0.9344932359684344,0.9561297081282624
6,624500,"[8, 10, 1, 0, 3, 7]",4455,1836,1196020,1684530,0.7013539042821159,0.969376979936642,0.9468535853167316,0.9396760476406436
6,679500,"[8, 10, 1, 0, 3, 9]",4203,1883,1191362,1771903,0.6616813602015114,0.9941921858500528,0.9431659847745956,0.9884150521763336
6,626500,"[8, 10, 1, 0, 11, 7]",3864,1789,1139655,1599366,0.6083123425692695,0.9445617740232312,0.902231085411732,0.8921692825956352
6,626500,"[8, 10, 1, 0, 12, 7]",3860,1792,1139461,1604736,0.6076826196473551,0.9461457233368532,0.902077501361673,0.8951648127291623
6,686500,"[8, 10, 1, 0, 2, 7]",4243,1822,1172130,1658931,0.6679785894206549,0.9619852164730728,0.9279405803893752,0.9253962383504836
6,374580,"[8, 10, 4, 0, 5, 3]",4417,1782,1115695,1586871,0.6953715365239295,0.9408658922914468,0.8832626635590967,0.88519923622349
7,574580,"[8, 10, 4, 0, 5, 3, 11]",4513,1793,1117329,1606528,0.7104848866498741,0.946673706441394,0.8845562529291804,0.8961644384273523
7,574580,"[8, 10, 4, 0, 5, 3, 12]",4509,1788,1116728,1597578,0.7098551637279596,0.9440337909186906,0.8840804590421422,0.8911718882048072
7,634580,"[8, 10, 4, 0, 5, 3, 2]",4892,1820,1146989,1655290,0.7701511335012594,0.9609292502639916,0.9080371958402472,0.9233651908241948
6,376580,"[8, 10, 4, 0, 5, 11]",3826,1761,1071162,1549680,0.6023299748110831,0.9297782470960928,0.8480072073669677,0.8644530981981635
7,576580,"[8, 10, 4, 0, 5, 11, 12]",3918,1770,1072339,1565565,0.6168136020151134,0.9345300950369588,0.8489390033820158,0.8733141775596303
7,636580,"[8, 10, 4, 0, 5, 11, 2]",4301,1807,1105791,1631721,0.6771095717884131,0.954065469904963,0.8754219603024814,0.9102177700202658
6,376580,"[8, 10, 4, 0, 5, 12]",3822,1757,1070612,1542646,0.6017002518891688,0.9276663146779304,0.8475717886683471,0.8605293442020315
7,636580,"[8, 10, 4, 0, 5, 12, 2]",4297,1804,1105254,1626306,0.6764798488664987,0.9524815205913412,0.8749968333185555,0.907197137678916
6,436580,"[8, 10, 4, 0, 5, 2]",4205,1796,1104097,1611910,0.6619962216624685,0.948257655755016,0.8740808707107299,0.8991666624829654
6,516580,"[8, 10, 4, 0, 5, 7]",4412,1773,1116409,1570878,0.6945843828715366,0.9361140443505808,0.8838279161969422,0.8762779115632484
6,571580,"[8, 10, 4, 0, 5, 9]",4160,1826,1122944,1666225,0.654911838790932,0.9640971488912354,0.889001482006916,0.9294650273251478
6,554100,"[8, 10, 4, 0, 3, 2]",4087,1804,1088341,1626306,0.6434193954659949,0.9524815205913412,0.8616073125007917,0.907197137678916
6,634100,"[8, 10, 4, 0, 3, 7]",4294,1790,1103127,1601155,0.676007556675063,0.945089757127772,0.8733129504604354,0.8931672348133037
6,689100,"[8, 10, 4, 0, 3, 9]",4042,1835,1105151,1682695,0.6363350125944585,0.9688489968321014,0.8749152912713593,0.9386524353883116
6,696100,"[8, 10, 4, 0, 2, 7]",4082,1735,1057821,1504245,0.642632241813602,0.916050686378036,0.8374455330791544,0.8391082356996906
6,609580,"[8, 10, 0, 5, 3, 2]",4040,1811,1076034,1638955,0.6360201511335013,0.9561774023231256,0.8518642253663851,0.9142530893844996
6,689580,"[8, 10, 0, 5, 3, 7]",4247,1784,1087564,1590436,0.6686083123425692,0.941921858500528,0.8609921846301949,0.8871878889099004
5,177580,"[8, 1, 4, 0, 5]",4280,1807,1185859,1631721,0.6738035264483627,0.954065469904963,0.9388094227773064,0.9102177700202658
6,375580,"[8, 1, 4, 0, 5, 3]",4967,1835,1217616,1682695,0.7819584382871536,0.9688489968321014,0.9639504984356594,0.9386524353883116
7,575580,"[8, 1, 4, 0, 5, 3, 11]",5063,1844,1218998,1699246,0.7970717884130982,0.9736008447729672,0.9650445868747388,0.9478850274255566
7,575580,"[8, 1, 4, 0, 5, 3, 12]",5059,1839,1218533,1690041,0.7964420654911839,0.970960929250264,0.964676460156814,0.942750231358682
7,635580,"[8, 1, 4, 0, 5, 3, 2]",5442,1865,1244804,1738180,0.8567380352644837,0.984688489968321,0.985474432214017,0.9696034576338882
6,377580,"[8, 1, 4, 0, 5, 11]",4376,1816,1187297,1648020,0.6889168765743073,0.9588173178458288,0.9399478447566088,0.9193097896937028
7,577580,"[8, 1, 4, 0, 5, 11, 12]",4468,1824,1188360,1662576,0.7034005037783375,0.9630411826821542,0.9407893903504884,0.9274295171841348
7,637580,"[8, 1, 4, 0, 5, 11, 2]",4851,1854,1217484,1717731,0.7636964735516373,0.9788806758183738,0.9638459979479904,0.9581964565723438
6,377580,"[8, 1, 4, 0, 5, 12]",4372,1815,1186925,1646205,0.6882871536523929,0.9582893347412884,0.9396533433822692,0.9182973339781813
7,637580,"[8, 1, 4, 0, 5, 12, 2]",4847,1852,1217114,1714026,0.763066750629723,0.9778247096092924,0.9635530799143728,0.9561297081282624
6,437580,"[8, 1, 4, 0, 5, 2]",4755,1846,1216082,1702935,0.7485831234256927,0.9746568109820486,0.9627360761016884,0.94994285064019
6,517580,"[8, 1, 4, 0, 5, 7]",4962,1829,1232100,1671706,0.7811712846347607,0.9656810982048576,0.9754170519462424,0.9325224762379712
6,572580,"[8, 1, 4, 0, 5, 9]",4710,1873,1229259,1753128,0.7414987405541562,0.9889123548046462,0.9731679164502768,0.9779418532457992
5,295100,"[8, 1, 4, 0, 3]",4162,1823,1194047,1660753,0.6552267002518891,0.9625131995776136,0.9452916196942251,0.9264125988538888
6,495100,"[8, 1, 4, 0, 3, 11]",4258,1832,1195461,1677196,0.6703400503778337,0.9672650475184794,0.9464110415848608,0.9355849455923592
7,695100,"[8, 1, 4, 0, 3, 11, 12]",4350,1838,1196461,1688203,0.684823677581864,0.9704329461457232,0.947202711945989,0.9417249456258288
6,495100,"[8, 1, 4, 0, 3, 12]",4254,1829,1195047,1671706,0.6697103274559194,0.9656810982048576,0.9460832900553536,0.9325224762379712
6,555100,"[8, 1, 4, 0, 3, 2]",4637,1857,1222485,1723296,0.7300062972292192,0.9804646251319956,0.9678051414239932,0.9613007629397696
6,635100,"[8, 1, 4, 0, 3, 7]",4844,1848,1240895,1706628,0.7625944584382871,0.97571277719113,0.9823797927723664,0.9520029051621852
6,690100,"[8, 1, 4, 0, 3, 9]",4592,1884,1234460,1773786,0.7229219143576826,0.9947201689545936,0.9772853939985052,0.9894654401170098
6,557100,"[8, 1, 4, 0, 11, 2]",4046,1837,1186066,1686366,0.6369647355163728,0.9699049630411828,0.93897329854206,0.9407002177198158
6,637100,"[8, 1, 4, 0, 11, 7]",4253,1820,1201318,1655290,0.6695528967254408,0.9609292502639916,0.9510478548899894,0.9233651908241948
6,692100,"[8, 1, 4, 0, 11, 9]",4001,1867,1199255,1741911,0.6298803526448362,0.9857444561774024,0.9494146389349816,0.9716847095758228
6,557100,"[8, 1, 4, 0, 12, 2]",4042,1837,1185747,1686366,0.6363350125944585,0.9699049630411828,0.93872075569686,0.9407002177198158
6,637100,"[8, 1, 4, 0, 12, 7]",4249,1821,1201002,1657110,0.6689231738035264,0.9614572333685322,0.950797687055873,0.9243804356739188
6,692100,"[8, 1, 4, 0, 12, 9]",3997,1868,1199063,1743778,0.6292506297229219,0.986272439281943,0.949262638225645,0.972726172287051
5,357100,"[8, 1, 4, 0, 2]",3950,1829,1184632,1671706,0.6218513853904282,0.9656810982048576,0.9378380432442018,0.9325224762379712
6,697100,"[8, 1, 4, 0, 2, 7]",4632,1839,1229192,1690041,0.7292191435768262,0.970960929250264,0.9731148745360813,0.942750231358682
5,437100,"[8, 1, 4, 0, 7]",4157,1811,1199855,1638955,0.6544395465994962,0.9561774023231256,0.9498896411516587,0.9142530893844996
5,492100,"[8, 1, 4, 0, 9]",3905,1862,1198024,1732591,0.6147670025188917,0.9831045406546992,0.9484400927204328,0.96648576342229
5,350580,"[8, 1, 0, 5, 3]",4115,1817,1174478,1649836,0.6478274559193955,0.9593453009503696,0.9297994223973044,0.9203228032360652
6,550580,"[8, 1, 0, 5, 3, 11]",4211,1826,1176014,1666225,0.66294080604534,0.9640971488912354,0.9310154280719976,0.9294650273251478
6,550580,"[8, 1, 0, 5, 3, 12]",4207,1822,1175587,1658931,0.6623110831234257,0.9619852164730728,0.9306773848277958,0.9253962383504836
6,610580,"[8, 1, 0, 5, 3, 2]",4590,1859,1205926,1727011,0.7226070528967254,0.981520591341077,0.9546958719140688,0.9633730896522564
6,690580,"[8, 1, 0, 5, 3, 7]",4797,1840,1221551,1691880,0.7551952141057935,0.9714889123548046,0.9670657213066994,0.943776074918376
6,612580,"[8, 1, 0, 5, 11, 2]",3999,1841,1168233,1693720,0.6295654911838791,0.9720168954593452,0.924855440992058,0.9448024763049104
6,692580,"[8, 1, 0, 5, 11, 7]",4206,1812,1179688,1640766,0.6621536523929471,0.9567053854276664,0.9339240249787832,0.9152633137926592
6,612580,"[8, 1, 0, 5, 12, 2]",3995,1840,1167917,1691880,0.6289357682619647,0.9714889123548046,0.9246052731579414,0.943776074918376
6,692580,"[8, 1, 0, 5, 12, 7]",4202,1813,1179389,1642578,0.6615239294710328,0.957233368532207,0.933687315540806,0.9162740960276592
5,412580,"[8, 1, 0, 5, 2]",3903,1832,1166623,1677196,0.6144521410579346,0.9672650475184794,0.9235808517106412,0.9355849455923592
5,492580,"[8, 1, 0, 5, 7]",4110,1800,1178039,1619100,0.6470403022670025,0.9503695881731784,0.9326185605532826,0.9031774374662166
5,547580,"[8, 1, 0, 5, 9]",3858,1862,1178320,1732591,0.607367758186398,0.9831045406546992,0.9328410199247597,0.96648576342229
5,610100,"[8, 1, 0, 3, 7]",3992,1826,1183615,1666225,0.628463476070529,0.9640971488912354,0.9370329144869344,0.9294650273251478
5,360180,"[8, 4, 0, 5, 3]",3954,1765,1100341,1556730,0.6224811083123426,0.9318901795142556,0.8711073568343319,0.8683857774237437
6,560180,"[8, 4, 0, 5, 3, 11]",4050,1777,1102089,1577976,0.6375944584382871,0.9382259767687434,0.8724911966255843,0.8802373664771729
6,560180,"[8, 4, 0, 5, 3, 12]",4046,1771,1101423,1567335,0.6369647355163728,0.9350580781414994,0.8719639441650727,0.8743015310673291
6,620180,"[8, 4, 0, 5, 3, 2]",4429,1813,1134391,1642578,0.6972607052896725,0.957233368532207,0.8980637326307522,0.9162740960276592
6,622180,"[8, 4, 0, 5, 11, 2]",3838,1797,1091522,1613706,0.6042191435768262,0.9487856388595564,0.864125615919541,0.9001685194885174
6,622180,"[8, 4, 0, 5, 12, 2]",3834,1794,1090922,1608321,0.6035894206549118,0.9472016895459344,0.863650613702864,0.8971646219523828
5,502180,"[8, 4, 0, 5, 7]",3949,1752,1099971,1533876,0.6216939546599496,0.925026399155227,0.8708144388007144,0.8556372028107779
5,619700,"[8, 4, 0, 3, 7]",3831,1773,1088167,1570878,0.6031171284634761,0.9361140443505808,0.8614695618579553,0.8762779115632484
5,185080,"[10, 1, 4, 0, 5]",4266,1810,1184562,1637145,0.6715994962216625,0.955649419218585,0.9377826263189228,0.9132434228031804
6,383080,"[10, 1, 4, 0, 5, 3]",4953,1834,1215606,1680861,0.7797544080604534,0.9683210137275609,0.9623592410097914,0.9376293809628204
7,583080,"[10, 1, 4, 0, 5, 3, 11]",5049,1843,1217099,1697403,0.794867758186398,0.9730728616684268,0.963541204858956,0.9468569525585008
7,583080,"[10, 1, 4, 0, 5, 3, 12]",5045,1839,1216531,1690041,0.7942380352644837,0.970960929250264,0.9630915360938352,0.942750231358682
7,643080,"[10, 1, 4, 0, 5, 3, 2]",5428,1865,1243606,1738180,0.8545340050377834,0.984688489968321,0.9845260111213852,0.9696034576338882
6,385080,"[10, 1, 4, 0, 5, 11]",4362,1819,1186121,1653471,0.6867128463476071,0.9604012671594508,0.939016840411922,0.922350503801311
7,585080,"[10, 1, 4, 0, 5, 11, 12]",4454,1827,1187185,1668051,0.7011964735516373,0.9646251319957762,0.9398591776761624,0.930483619135915
7,645080,"[10, 1, 4, 0, 5, 11, 2]",4837,1858,1217043,1725153,0.761492443324937,0.9809926082365364,0.9634968713187329,0.9623366473825928
6,385080,"[10, 1, 4, 0, 5, 12]",4358,1818,1185629,1651653,0.6860831234256927,0.9598732840549102,0.9386273385942469,0.9213363746052676
7,645080,"[10, 1, 4, 0, 5, 12, 2]",4833,1856,1216569,1721440,0.7608627204030227,0.9799366420274552,0.963121619567558,0.9602654363237872
6,445080,"[10, 1, 4, 0, 5, 2]",4741,1849,1215526,1708476,0.7463790931989924,0.9762407602956704,0.9622959073809012,0.9530337691634438
6,525080,"[10, 1, 4, 0, 5, 7]",4948,1834,1230889,1680861,0.7789672544080605,0.9683210137275609,0.974458339138916,0.9376293809628204
6,580080,"[10, 1, 4, 0, 5, 9]",4696,1872,1228231,1751256,0.739294710327456,0.9883843717001056,0.9723540793190368,0.9768976014003684
5,302600,"[10, 1, 4, 0, 3]",4148,1819,1191269,1653471,0.6530226700251889,0.9604012671594508,0.9430923594310108,0.922350503801311
6,502600,"[10, 1, 4, 0, 3, 11]",4244,1828,1192792,1669878,0.6681360201511335,0.9651531151003168,0.9442980733910092,0.9315027687735228
6,502600,"[10, 1, 4, 0, 3, 12]",4240,1826,1192276,1666225,0.6675062972292192,0.9640971488912354,0.9438895714846668,0.9294650273251478
6,562600,"[10, 1, 4, 0, 3, 2]",4623,1857,1220943,1723296,0.7278022670025189,0.9804646251319956,0.9665843857271332,0.9613007629397696
6,642600,"[10, 1, 4, 0, 3, 7]",4830,1849,1238236,1708476,0.7603904282115869,0.9762407602956704,0.980274741282126,0.9530337691634438
6,697600,"[10, 1, 4, 0, 3, 9]",4578,1877,1231916,1760626,0.7207178841309824,0.9910242872228088,0.9752713845997948,0.9821244388959268
6,564600,"[10, 1, 4, 0, 11, 2]",4032,1838,1184765,1688203,0.6347607052896725,0.9704329461457232,0.9379433354022318,0.9417249456258288
6,644600,"[10, 1, 4, 0, 11, 7]",4239,1822,1198915,1658931,0.6673488664987406,0.9619852164730728,0.949145471012198,0.9253962383504836
6,699600,"[10, 1, 4, 0, 11, 9]",3987,1863,1197118,1734453,0.627676322418136,0.9836325237592396,0.9477228393732504,0.9675244369993156
6,564600,"[10, 1, 4, 0, 12, 2]",4028,1838,1184343,1688203,0.6341309823677582,0.9704329461457232,0.9376092505098356,0.9417249456258288
6,644600,"[10, 1, 4, 0, 12, 7]",4235,1822,1198475,1658931,0.6667191435768262,0.9619852164730728,0.9487971360533016,0.9253962383504836
6,699600,"[10, 1, 4, 0, 12, 9]",3983,1864,1196825,1736316,0.6270465994962217,0.9841605068637804,0.9474908799574396,0.9685636684031816
5,364600,"[10, 1, 4, 0, 2]",3936,1829,1183218,1671706,0.6196473551637279,0.9656810982048576,0.9367186213535664,0.9325224762379712
5,444600,"[10, 1, 4, 0, 7]",4143,1813,1197333,1642578,0.652235516372796,0.957233368532207,0.947893048500893,0.9162740960276592
5,499600,"[10, 1, 4, 0, 9]",3891,1858,1195786,1725153,0.6125629722921915,0.9809926082365364,0.9466683344522274,0.9623366473825928
5,358080,"[10, 1, 0, 5, 3]",4101,1812,1171703,1640766,0.6456234256926953,0.9567053854276664,0.9276025371451734,0.9152633137926592
6,558080,"[10, 1, 0, 5, 3, 11]",4197,1823,1173431,1660753,0.6607367758186398,0.9625131995776136,0.9289705435292032,0.9264125988538888
6,558080,"[10, 1, 0, 5, 3, 12]",4193,1818,1172821,1651653,0.6601070528967254,0.9598732840549102,0.9284876246089148,0.9213363746052676
6,618080,"[10, 1, 0, 5, 3, 2]",4576,1857,1204222,1723296,0.7204030226700252,0.9804646251319956,0.9533468656187062,0.9613007629397696
6,698080,"[10, 1, 0, 5, 3, 7]",4783,1837,1218696,1686366,0.7529911838790933,0.9699049630411828,0.964805502425678,0.9407002177198158
6,620080,"[10, 1, 0, 5, 11, 2]",3985,1846,1167344,1702935,0.6273614609571788,0.9746568109820486,0.9241516460410149,0.94994285064019
6,620080,"[10, 1, 0, 5, 12, 2]",3981,1843,1166832,1697403,0.6267317380352645,0.9730728616684268,0.9237463108161172,0.9468569525585008
5,420080,"[10, 1, 0, 5, 2]",3889,1834,1165526,1680861,0.6122481108312342,0.9683210137275609,0.9227123893244836,0.9376293809628204
5,500080,"[10, 1, 0, 5, 7]",4096,1800,1175594,1619100,0.6448362720403022,0.9503695881731784,0.9306829265203238,0.9031774374662166
5,555080,"[10, 1, 0, 5, 9]",3844,1859,1176584,1727011,0.6051637279596978,0.981520591341077,0.9314666801778408,0.9633730896522564
5,617600,"[10, 1, 0, 3, 7]",3978,1823,1180399,1660753,0.6262594458438288,0.9625131995776136,0.9344869026055456,0.9264125988538888
5,367680,"[10, 4, 0, 5, 3]",3940,1765,1098422,1556730,0.6202770780856424,0.9318901795142556,0.8695881414113266,0.8683857774237437
6,567680,"[10, 4, 0, 5, 3, 11]",4036,1777,1100295,1577976,0.6353904282115869,0.9382259767687434,0.87107093999772,0.8802373664771729
6,567680,"[10, 4, 0, 5, 3, 12]",4032,1772,1099512,1569106,0.6347607052896725,0.9355860612460402,0.8704510621049565,0.8752894424018685
6,627680,"[10, 4, 0, 5, 3, 2]",4415,1813,1133090,1642578,0.6950566750629723,0.957233368532207,0.8970337694909243,0.9162740960276592
6,629680,"[10, 4, 0, 5, 11, 2]",3824,1800,1090606,1619100,0.6020151133501259,0.9503695881731784,0.8634004458687474,0.9031774374662166
6,629680,"[10, 4, 0, 5, 12, 2]",3820,1797,1089888,1613706,0.6013853904282116,0.9487856388595564,0.8628320265494572,0.9001685194885174
5,509680,"[10, 4, 0, 5, 7]",3935,1757,1098339,1542646,0.6194899244332494,0.9276663146779304,0.8695224327713529,0.8605293442020315
5,627200,"[10, 4, 0, 3, 7]",3817,1771,1084552,1567335,0.6009130982367759,0.9350580781414994,0.8586076735024764,0.8743015310673291
5,368680,"[1, 4, 0, 5, 3]",4490,1800,1194053,1619100,0.7068639798488665,0.9503695881731784,0.945296369716392,0.9031774374662166
6,568680,"[1, 4, 0, 5, 3, 11]",4586,1812,1195784,1640766,0.7219773299748111,0.9567053854276664,0.9466667511115052,0.9152633137926592
6,568680,"[1, 4, 0, 5, 3, 12]",4582,1805,1195054,1628110,0.7213476070528967,0.9530095036958818,0.9460888317478816,0.908203457299192
6,628680,"[1, 4, 0, 5, 3, 2]",4965,1837,1224568,1686366,0.7816435768261965,0.9699049630411828,0.9694541907862236,0.9407002177198158
5,370680,"[1, 4, 0, 5, 11]",3899,1783,1162475,1588653,0.6138224181360201,0.9413938753959872,0.9202970030526808,0.8861932836532749
6,570680,"[1, 4, 0, 5, 11, 12]",3991,1793,1163640,1606528,0.6283060453400504,0.946673706441394,0.9212192990233954,0.8961644384273523
6,630680,"[1, 4, 0, 5, 11, 2]",4374,1829,1196472,1671706,0.6886020151133502,0.9656810982048576,0.9472114203199616,0.9325224762379712
5,370680,"[1, 4, 0, 5, 12]",3895,1779,1161831,1581531,0.6131926952141058,0.9392819429778247,0.9197871673401142,0.8822204408951781
6,630680,"[1, 4, 0, 5, 12, 2]",4370,1825,1195843,1664400,0.6879722921914357,0.9635691657866948,0.9467134596628116,0.928446993341221
5,430680,"[1, 4, 0, 5, 2]",4278,1818,1194714,1651653,0.6734886649874056,0.9598732840549102,0.945819663825098,0.9213363746052676
5,510680,"[1, 4, 0, 5, 7]",4485,1795,1208273,1610115,0.7060768261964736,0.9477296726504753,0.9565539222516372,0.8981653633042538
5,565680,"[1, 4, 0, 5, 9]",4233,1844,1207084,1699246,0.666404282115869,0.9736008447729672,0.9556126261922556,0.9478850274255566
6,688200,"[1, 4, 0, 3, 11, 12]",3873,1803,1171872,1624503,0.6097292191435768,0.9519535374868004,0.927736329436204,0.9061913758854804
5,548200,"[1, 4, 0, 3, 2]",4160,1828,1201233,1669878,0.654911838790932,0.9651531151003168,0.9509805629092936,0.9315027687735228
5,628200,"[1, 4, 0, 3, 7]",4367,1816,1217381,1648020,0.6875,0.9588173178458288,0.9637644559007942,0.9193097896937028
5,683200,"[1, 4, 0, 3, 9]",4115,1855,1212319,1719585,0.6478274559193955,0.9794086589229144,0.9597570205327624,0.9592306675346453
5,690200,"[1, 4, 0, 2, 7]",4155,1811,1207503,1638955,0.654124685138539,0.9561774023231256,0.9559443360735684,0.9142530893844996
5,603680,"[1, 0, 5, 3, 2]",4113,1826,1183248,1666225,0.6475125944584383,0.9640971488912354,0.9367423714644002,0.9294650273251478
5,683680,"[1, 0, 5, 3, 7]",4320,1802,1196679,1622701,0.6801007556675063,0.9514255543822596,0.947375296084715,0.9051861719188852
5,613280,"[4, 0, 5, 3, 2]",3952,1783,1110354,1588653,0.6221662468513854,0.9413938753959872,0.8790343521603101,0.8861932836532749
5,693280,"[4, 0, 5, 3, 7]",4159,1747,1120634,1525131,0.6547544080604534,0.9223864836325236,0.8871727234727096,0.850759007090537
