election,n_voters,n_projects,budget,committee_size,total_cost,ejr_abcvoting,alpha_ilp,validation,error
France_Toulouse_2022_10_-_Jolimont_Soupetard_Roseraie_Gloire_Gramont_Amouroux,393,10,400000,7,392000,True,0.393,MISMATCH,
France_Toulouse_2022_11_-_Bonhoure_Guilhemery_Chateau_de_lHers_Limayrac_Cote_Pavee,262,10,400000,5,398500,True,0.14035714285714285,MISMATCH,
France_Toulouse_2022_12_-_Pont_des_Demoiselles_Ormeau_Montaudran_La_Terrasse_Malepere,659,10,400000,6,385000,True,0.3295,MISMATCH,
France_Toulouse_2022_13_-_Rangueil_Sauzelong_Jules-Julien_Pech-David_Pouvourville,304,10,400000,5,396200,True,0.228,MISMATCH,
France_Toulouse_2022_14_-_Saint-Simon_Lafourguette_Oncopole-Campus_Sante_du_Futur,191,10,400000,9,397700,True,0.23875,MISMATCH,
France_Toulouse_2022_15_-_Croix_de_Pierre_Route_dEspagne,274,10,400000,7,398200,True,0.599375,MISMATCH,
France_Toulouse_2022_16_-_Fontaine-Lestang_Arenes_Bagatelle_Papus_Tabar_Bordelongue_Mermoz_La_Faourette,234,10,400000,6,375000,True,0.39,MISMATCH,
France_Toulouse_2022_17_-_Mirail-Universite_Reynerie_Bellefontaine,93,10,400000,2,400000,True,0.13676470588235295,MISMATCH,
France_Toulouse_2022_18_-_Lardenne_Pradettes_Basso-Cambo,357,10,400000,6,377700,True,0.169575,MISMATCH,
France_Toulouse_2022_19_-_Casselardit_Fontaine-Bayonne_Cartoucherie,292,10,400000,4,390000,True,1.0,PASS,
France_Toulouse_2022_1_-_Capitole_Arnaud_Bernard_Carmes,972,10,400000,6,396000,True,0.18692307692307691,MISMATCH,
France_Toulouse_2022_20_-_Arenes_Romaines_Ancely_Saint-Martin_du_Touch_Purpan,286,10,400000,3,400000,True,0.3972222222222222,MISMATCH,
France_Toulouse_2022_2_-_Amidonniers_Compans-Caffarelli_Brouardel,404,10,400000,8,396900,True,0.0404,MISMATCH,
France_Toulouse_2022_3_-_Les_Chalets_Bayard_Belfort_Saint_Aubin_Dupuy,330,10,400000,5,350700,True,0.2206875,MISMATCH,
France_Toulouse_2022_4_-_Lapujade_Bonnefoy_Periole_Marengo_La_Colonne,253,10,400000,8,320320,True,0.841225,MISMATCH,
France_Toulouse_2022_5_-_Saint-Michel_Saint-Agne_Empalot_Le_Busca_Ile_du_Ramier_Monplaisir,423,10,400000,5,400000,True,0.3525,MISMATCH,
France_Toulouse_2022_6_-_Saint-Cyprien,436,10,400000,4,399000,True,0.44882352941176473,MISMATCH,
France_Toulouse_2022_7_-_Sept_Deniers_Ginestous-Sesquieres_Lalande,154,10,400000,5,387300,True,0.09664285714285714,MISMATCH,
France_Toulouse_2022_8_-_Minimes_Barriere_de_Paris_Ponts-Jumeaux_La_Vache_Raisins_Fondeyre,512,10,400000,7,383000,True,0.2742857142857143,MISMATCH,
France_Toulouse_2022_9_-_Trois_Cocus_Borderouge_Croix-Daurade_Paleficat_Grand_Selve,185,9,400000,8,302700,True,0.09910714285714285,MISMATCH,
netherlands_amsterdam_515_,3140,8,30000,4,28000,True,1.0,PASS,
netherlands_amsterdam_523_,938,7,155000,2,148000,True,1.0,PASS,
netherlands_amsterdam_619_,865,9,100000,5,98434,True,1.0,PASS,
poland_gdynia_2020_babie-doly-large,318,6,219780,1,219780,True,0.691304347826087,MISMATCH,
poland_gdynia_2020_babie-doly-small,306,5,24420,3,21595,True,1.0,PASS,
poland_gdynia_2020_chwarzno-wiczlino-large,3849,5,691650,5,424088,True,1.0,PASS,
poland_gdynia_2020_chwarzno-wiczlino-small,3815,12,76850,8,75955,True,1.0,PASS,
poland_gdynia_2020_chylonia-large,1231,7,511110,3,500000,True,0.30295389895638414,MISMATCH,
poland_gdynia_2020_chylonia-small,1218,10,56790,6,55417,True,1.0,PASS,
poland_gdynia_2020_cisowa-large,671,3,448110,1,448110,True,0.9319444444444445,MISMATCH,
poland_gdynia_2020_cisowa-small,572,4,49790,4,39960,True,1.0,PASS,
poland_gdynia_2020_dabrowa-large,2100,11,598410,5,578355,True,1.0,PASS,
poland_gdynia_2020_dzialki-lesne-large,745,5,286650,1,286650,True,0.30915510684544045,MISMATCH,
poland_gdynia_2020_dzialki-lesne-small,697,7,31850,5,27155,True,1.0,PASS,
poland_gdynia_2020_grabowek-large,1511,7,295110,1,295110,True,0.3580568720379147,MISMATCH,
poland_gdynia_2020_grabowek-small,1380,10,32790,3,30000,True,1.0,PASS,
poland_gdynia_2020_kamienna-gora-large,477,3,190170,2,167055,True,0.5546511627906977,MISMATCH,
poland_gdynia_2020_kamienna-gora-small,429,3,21130,2,18464,True,1.0,PASS,
poland_gdynia_2020_karwiny-large,1104,5,287370,1,285000,True,0.41194029850746267,MISMATCH,
poland_gdynia_2020_karwiny-small,1056,6,31930,4,31395,True,1.0,PASS,
poland_gdynia_2020_leszczynki-large,727,5,278370,1,278300,True,0.39297297297297296,MISMATCH,
poland_gdynia_2020_leszczynki-small,675,9,30930,3,29900,True,1.0,PASS,
poland_gdynia_2020_maly-kack-large,3050,7,491940,1,491940,True,0.17944842496352342,MISMATCH,
poland_gdynia_2020_maly-kack-small,2881,10,54660,6,52719,True,1.0,PASS,
poland_gdynia_2020_obluze-large,1973,7,467100,1,467100,True,0.38015414258188823,MISMATCH,
poland_gdynia_2020_obluze-small,1811,5,51900,5,49014,True,1.0,PASS,
poland_gdynia_2020_oksywie-large,819,2,456930,1,455134,True,0.7060344827586207,MISMATCH,
poland_gdynia_2020_oksywie-small,789,6,50770,5,49196,True,1.0,PASS,
poland_gdynia_2020_orlowo-large,368,2,376020,1,374988,True,0.6116695920429764,MISMATCH,
poland_gdynia_2020_orlowo-small,399,8,41780,5,40035,True,1.0,PASS,
poland_gdynia_2020_pogorze-large,1197,4,347932,2,347932,True,0.9601604278074866,MISMATCH,
poland_gdynia_2020_pogorze-small,849,8,38380,3,30000,True,1.0,PASS,
poland_gdynia_2020_pustki-cisowskie-demptowo-large,1056,4,271440,1,269995,True,0.23180076628352492,MISMATCH,
poland_gdynia_2020_pustki-cisowskie-demptowo-small,1046,7,30160,3,27680,True,1.0,PASS,
poland_gdynia_2020_redlowo-large,2316,13,280350,3,252641,True,0.846800731261426,MISMATCH,
poland_gdynia_2020_redlowo-small,2122,8,31150,3,29480,True,1.0,PASS,
poland_gdynia_2020_srodmiescie-large,1020,3,361890,1,361890,True,0.18242951580791997,MISMATCH,
poland_gdynia_2020_srodmiescie-small,940,9,40210,5,36747,True,1.0,PASS,
poland_gdynia_2020_wielki-kack-large,1192,1,449730,1,448945,True,1.0,PASS,
poland_gdynia_2020_wielki-kack-small,1228,6,49970,5,49050,True,1.0,PASS,
poland_gdynia_2020_witomino-large,966,3,572760,2,572200,True,1.0,PASS,
poland_gdynia_2020_witomino-small,946,3,63640,3,25709,True,1.0,PASS,
poland_gdynia_2020_wzgorze-sw-maksymiliana-large,1277,8,317070,1,317070,True,0.22908725911535757,MISMATCH,
poland_gdynia_2020_wzgorze-sw-maksymiliana-small,1300,7,35230,3,29340,True,0.9701492537313433,MISMATCH,
poland_lodz_2020_andrzejow,1036,9,447000,5,406000,True,0.42919877371778936,MISMATCH,
poland_lodz_2020_baluty-zachodnie,2227,9,457000,2,445000,True,0.08330060408835026,MISMATCH,
poland_lodz_2020_dolina-lodki,651,4,420000,4,408000,True,1.0,PASS,
poland_lodz_2020_gorniak,759,5,538000,1,538000,True,0.051474429820154724,MISMATCH,
poland_lodz_2020_koziny,1270,9,478000,6,427900,True,1.0,PASS,
poland_lodz_2020_lagiewniki,435,5,414000,5,414000,True,1.0,PASS,
poland_lodz_2020_lublinek-pienista,1717,10,446000,7,422800,True,0.8749490419894007,MISMATCH,
poland_lodz_2020_mileszki,955,9,417000,1,417000,True,0.1080267861182752,MISMATCH,
poland_lodz_2020_nad-nerem,608,8,409000,5,310000,True,0.2858754936994546,MISMATCH,
poland_lodz_2020_nowosolna,1442,5,434000,1,434000,True,0.14138641043239533,MISMATCH,
poland_lodz_2020_nr-33,237,5,411000,4,395000,True,0.6407137064071371,MISMATCH,
poland_lodz_2020_olechow-janow,3313,12,569000,4,565500,True,0.08638717516805473,MISMATCH,
poland_lodz_2020_piastow-kurak,2079,8,552000,7,532500,True,1.0,PASS,
poland_lodz_2020_retkinia-zachod-smulsko,2650,13,605000,1,604600,True,0.03712004482420507,MISMATCH,
poland_lodz_2020_rokicie,1960,11,533000,9,528200,True,0.6451400546394128,MISMATCH,
poland_lodz_2020_ruda,2322,13,491000,8,468200,True,0.4338646088305088,MISMATCH,
poland_lodz_2020_stare-polesie,2847,12,657000,5,655700,True,0.10833333333333334,MISMATCH,
poland_lodz_2020_widzew-wschod,2426,8,694000,8,403500,True,1.0,PASS,
poland_lodz_2020_wiskitno,1362,3,428000,3,196000,True,1.0,PASS,
poland_lodz_2020_wzniesien-lodzkich,689,6,411000,5,410900,True,1.0,PASS,
poland_lodz_2020_zdrowie-mania,890,13,425000,12,324500,True,0.07755991285403051,MISMATCH,
poland_lodz_2022_andrzejow,1044,7,461000,3,460000,True,0.3895522388059702,MISMATCH,
poland_lodz_2022_gorniak,1402,13,572000,5,566565,True,0.19037273406205446,MISMATCH,
poland_lodz_2022_im-jozefa-montwilla-mireckiego,652,9,416000,6,403000,True,0.3644901610017889,MISMATCH,
poland_lodz_2022_lagiewniki,981,7,416000,1,400000,True,0.1894114921223355,MISMATCH,
poland_lodz_2022_lublinek-pienista,1557,13,459000,6,451400,True,0.08849104859335039,MISMATCH,
poland_lodz_2022_mileszki,619,4,422000,1,421000,True,0.1919814608307778,MISMATCH,
poland_lodz_2022_nad-nerem,315,8,411000,2,400000,True,0.7664233576642335,MISMATCH,
poland_lodz_2022_nowosolna,652,5,446000,2,444000,True,1.0,PASS,
poland_lodz_2022_nr-33,579,6,414000,5,349600,True,0.5594202898550724,MISMATCH,
poland_lodz_2022_olechow-janow,2843,12,615000,6,427000,True,0.2611731202057783,MISMATCH,
poland_lodz_2022_piastow-kurak,2936,9,588000,5,530470,True,0.7007996180928512,MISMATCH,
poland_lodz_2022_rokicie,1962,13,567000,10,565100,True,0.17594834543987087,MISMATCH,
poland_lodz_2022_widzew-wschod,3300,13,774000,8,772900,True,0.1687022475043221,MISMATCH,
poland_lodz_2022_wiskitno,1130,3,438000,3,336300,True,1.0,PASS,
poland_lodz_2022_wzniesien-lodzkich,784,3,414000,1,414000,True,0.08325048425867582,MISMATCH,
poland_lodz_2022_zarzew,2507,12,598000,10,577100,True,0.16249254621347645,MISMATCH,
poland_lodz_2022_zlotno,3452,13,497000,6,487600,True,0.14904879923316725,MISMATCH,
poland_lodz_2023_andrzejow,939,10,484000,8,462000,True,0.5820247933884297,MISMATCH,
poland_lodz_2023_baluty-zachodnie,3253,8,499000,6,446000,False,0.0547052146250543,EXPECTED,
poland_lodz_2023_dolina-lodki,1678,13,435000,3,427100,True,0.07170020937486647,MISMATCH,
poland_lodz_2023_gorniak,1275,6,627000,4,556000,True,0.22594364699627859,MISMATCH,
poland_lodz_2023_im-jozefa-montwilla-mireckiego,458,8,421000,7,350570,True,0.19426535459789618,MISMATCH,
poland_lodz_2023_lagiewniki,1250,12,422000,7,407400,True,0.24891473176948503,MISMATCH,
poland_lodz_2023_mileszki,1281,8,432000,1,430000,True,0.18649545772187281,MISMATCH,
poland_lodz_2023_nad-nerem,409,9,415000,6,403000,True,0.46930579460699945,MISMATCH,
poland_lodz_2023_nowosolna,1557,11,465000,1,465000,True,0.1550179211469534,MISMATCH,
poland_lodz_2023_nr-33,978,9,420000,6,402200,True,0.8316326530612245,MISMATCH,
poland_lodz_2023_piastow-kurak,1420,13,648000,11,528900,True,0.20543981481481483,MISMATCH,
poland_lodz_2023_ruda,1896,11,550000,6,541200,True,0.05862708719851577,MISMATCH,
poland_lodz_2023_wiskitno,1907,10,453000,2,439600,True,0.07957869611120152,MISMATCH,
poland_lodz_2023_wzniesien-lodzkich,362,3,419000,1,414700,True,0.11675159646520028,MISMATCH,
poland_lodz_2023_zdrowie-mania,1144,11,446000,9,401900,True,0.3345681419379996,MISMATCH,
poland_lodz_2024_andrzejow,2186,7,516000,1,515000,True,0.4353647700462665,MISMATCH,
poland_lodz_2024_baluty-zachodnie,5723,13,538000,9,535500,True,0.17680132634462306,MISMATCH,
poland_lodz_2024_dolina-lodki,976,10,451000,1,451000,True,0.2121646884918047,MISMATCH,
poland_lodz_2024_im-jozefa-montwilla-mireckiego,898,13,429000,7,422000,True,0.4868000216837426,MISMATCH,
poland_lodz_2024_julianow-marysin-rogi,1756,13,620000,12,568000,True,0.3540322580645161,MISMATCH,
poland_lodz_2024_lagiewniki,1460,9,430000,5,397260,True,0.16991192478970807,MISMATCH,
poland_lodz_2024_mileszki,769,6,445000,4,315000,True,0.5660984114684231,MISMATCH,
poland_lodz_2024_nad-nerem,298,7,421000,4,408500,True,1.0,PASS,
poland_lodz_2024_nowosolna,1791,9,493000,6,389000,True,0.26446107575015737,MISMATCH,
poland_lodz_2024_nr-33,664,11,429000,6,409500,True,0.6191142191142192,MISMATCH,
poland_lodz_2024_wiskitno,1399,7,474000,3,457000,True,0.14468023496318358,MISMATCH,
poland_lodz_2024_wzniesien-lodzkich,601,4,426000,3,320000,True,0.9043577705549537,MISMATCH,
poland_lodz_2024_zdrowie-mania,801,8,465000,6,419600,True,1.0,PASS,
poland_poznan_2023_2-kiekrz-krzyzowniki-smochowice-podolany-strzeszyn,9552,9,1760000,3,1643400,True,0.718696866273658,MISMATCH,
poland_poznan_2023_7-morasko-radojewo-naramowice-umultowo,9527,6,1510000,3,1048200,True,0.11785687776797275,MISMATCH,
poland_poznan_2023_9-stare-miasto,6119,7,800000,1,800000,True,0.44437182280319537,MISMATCH,
poland_warszawa_2017_aleksandrow,422,5,110411,2,89200,True,0.30142857142857143,MISMATCH,
poland_warszawa_2017_boernerowo-fort-radiowo-groty-gorce,647,4,400000,4,393550,True,1.0,PASS,
poland_warszawa_2017_chomiczowka,723,11,1200000,10,1115474,True,1.0,PASS,
poland_warszawa_2017_falenica,494,13,136165,6,135119,True,0.9069878456284655,MISMATCH,
poland_warszawa_2017_kamionek,927,9,308298,6,307297,True,0.286364862197336,MISMATCH,
poland_warszawa_2017_las,135,5,113800,5,113800,True,1.0,PASS,
poland_warszawa_2017_marymont-potok-zoliborz-dziennikarski,587,13,475000,9,467600,True,0.41192982456140353,MISMATCH,
poland_warszawa_2017_marysin-polnocny,397,8,124802,5,124360,True,0.27422747977624146,MISMATCH,
poland_warszawa_2017_marysin-poludniowy,265,2,128824,1,115000,True,0.20542635658914732,MISMATCH,
poland_warszawa_2017_miedzeszyn,545,8,117063,2,113450,True,0.3950619995826423,MISMATCH,
poland_warszawa_2017_miedzylesie,465,11,133458,6,132500,True,0.6968484467023334,MISMATCH,
poland_warszawa_2017_nadwisle,108,5,98600,5,98600,True,1.0,PASS,
poland_warszawa_2017_niskie-okecie,440,5,336250,4,329140,False,0.4330708661417323,EXPECTED,
poland_warszawa_2017_piaski,577,7,900000,5,896339,True,1.0,PASS,
poland_warszawa_2017_plac-wojska-polskiego,27,4,51195,4,44720,True,1.0,PASS,
poland_warszawa_2017_przyczolek-grochowski,176,4,102533,2,98000,True,0.2227848101265823,MISMATCH,
poland_warszawa_2017_radiowo-wolka-weglowa-placowka-huta,228,2,200000,1,199999,True,0.7862068965517242,MISMATCH,
poland_warszawa_2017_radosc,258,6,130502,6,130502,True,1.0,PASS,
poland_warszawa_2017_sadul,120,3,110180,2,67900,True,1.0,PASS,
poland_warszawa_2017_slodowiec,674,8,650000,6,582650,True,0.013755102040816326,MISMATCH,
poland_warszawa_2017_subunit-wawer,373,5,115208,3,109976,True,0.11655440594403166,MISMATCH,
poland_warszawa_2017_targowek-fabryczny-elsnerow-i-utrata,377,11,625320,6,616205,True,1.0,PASS,
poland_warszawa_2017_ursus-polnocny,1158,13,763500,7,740815,True,0.35655978108335673,MISMATCH,
poland_warszawa_2017_wawrzyszew,2238,13,700000,7,696100,True,0.3764288198757764,MISMATCH,
poland_warszawa_2017_zerzen,327,2,132036,1,118800,True,0.5274193548387097,MISMATCH,
poland_warszawa_2017_zielona-grzybowa,268,8,148884,5,140460,True,0.3728693863295298,MISMATCH,
poland_warszawa_2017_zielony-ursynow,743,12,1100000,6,1098420,True,0.3367339572192513,MISMATCH,
poland_warszawa_2017_zoliborz-poludniowy-powazki,1733,5,475000,4,447746,True,0.3413039049235993,MISMATCH,
poland_warszawa_2018_aleksandrow,475,6,117431,3,113500,True,0.9469565514601813,MISMATCH,
poland_warszawa_2018_czyste-mirow,586,5,1011464,4,946108,True,1.0,PASS,
poland_warszawa_2018_falenica,498,8,162175,5,153620,True,0.6550948049946046,MISMATCH,
poland_warszawa_2018_grochow-polnocny,936,9,541057,8,452707,True,0.29656236377524525,MISMATCH,
poland_warszawa_2018_kamionek,1225,11,308151,3,300500,True,0.26680025409838404,MISMATCH,
poland_warszawa_2018_kolo,609,13,754436,12,722970,True,1.0,PASS,
poland_warszawa_2018_las,388,12,123927,12,122063,True,1.0,PASS,
poland_warszawa_2018_marysin-wawerski-polnocny,300,8,141968,3,138500,True,1.0,PASS,
poland_warszawa_2018_marysin-wawerski-poludniowy,506,4,148188,2,137050,True,1.0,PASS,
poland_warszawa_2018_miedzeszyn,454,7,126341,3,119600,True,0.8919125874033623,MISMATCH,
poland_warszawa_2018_miedzylesie,446,6,156239,3,154600,True,1.0,PASS,
poland_warszawa_2018_muranow,882,8,920000,7,899268,True,1.0,PASS,
poland_warszawa_2018_nadwisle,157,3,124744,3,82100,True,1.0,PASS,
poland_warszawa_2018_niskie-okecie,229,12,372500,6,367735,True,0.9221476510067114,MISMATCH,
poland_warszawa_2018_obszar-1-plac-wojska-polskiego-wola-grzybowska-centrum-groszowka-grzybowa-zielona,1061,11,354466,7,353594,True,0.75429519333307,MISMATCH,
poland_warszawa_2018_obszar-2-stara-milosna,856,12,327724,5,321800,True,0.6429425135409439,MISMATCH,
poland_warszawa_2018_obszar-4-zoliborz-poludniowy-powazki,3482,5,487500,1,485000,True,0.1125877065347431,MISMATCH,
poland_warszawa_2018_pole-mokotowskie,8,1,21064,1,21064,True,1.0,PASS,
poland_warszawa_2018_przyczolek-grochowski,94,1,106165,1,65000,True,1.0,PASS,
poland_warszawa_2018_przywisle,824,11,1120000,11,836775,True,1.0,PASS,
poland_warszawa_2018_radiowo-wolka-weglowa-placowka-huta,149,1,200000,1,200000,True,1.0,PASS,
poland_warszawa_2018_radosc,792,11,162345,3,161100,True,0.41162339462256303,MISMATCH,
poland_warszawa_2018_rejon-4,1058,13,280330,6,255129,True,0.7808531078519528,MISMATCH,
poland_warszawa_2018_rejon-7,955,13,639560,4,639370,True,0.1604647971599878,MISMATCH,
poland_warszawa_2018_sadul,91,2,116735,2,112600,True,1.0,PASS,
poland_warszawa_2018_slodowiec,716,6,650000,6,455266,True,1.0,PASS,
poland_warszawa_2018_srodmiescie-polnocne,477,9,1120000,8,1111440,True,1.0,PASS,
poland_warszawa_2018_stare-miasto,302,7,920000,7,576450,True,1.0,PASS,
poland_warszawa_2018_subunit-wawer,301,5,125794,3,110084,True,0.745049504950495,MISMATCH,
poland_warszawa_2018_wawrzyszew,1866,12,700000,12,598901,True,1.0,PASS,
poland_warszawa_2018_wilanow-obszar-i,1664,9,600000,5,599920,True,1.0,PASS,
poland_warszawa_2018_wilanow-obszar-ii,901,13,600000,8,597626,True,0.1580701754385965,MISMATCH,
poland_warszawa_2018_wola,5544,11,500000,11,367110,True,1.0,PASS,
poland_warszawa_2018_zerzen,678,6,156573,4,152794,True,1.0,PASS,
poland_warszawa_2019_aleksandrow,529,5,125362,2,125360,True,0.4198412698412699,MISMATCH,
poland_warszawa_2019_bemowo-lotnisko-fort-bema,606,6,1233000,6,1223450,True,1.0,PASS,
poland_warszawa_2019_boernerowo-fort-radiowo-gorce-groty,963,6,766000,5,727820,True,0.19016170436843144,MISMATCH,
poland_warszawa_2019_brodno-podgrodzie,494,11,400000,7,392080,True,0.25033783783783786,MISMATCH,
poland_warszawa_2019_chrzanow-jelonki-poludniowe-jelonki-polnocne,1588,8,1323000,5,1212287,True,1.0,PASS,
poland_warszawa_2019_falenica,652,10,187723,5,187300,True,0.5720568885758146,MISMATCH,
poland_warszawa_2019_grochow-centrum,598,8,376634,3,374300,True,0.5880549325910074,MISMATCH,
poland_warszawa_2019_grochow-kinowa,491,10,222176,4,219940,True,0.21666271290310737,MISMATCH,
poland_warszawa_2019_grochow-polnocny,642,5,381500,5,381500,True,1.0,PASS,
poland_warszawa_2019_kamionek,669,7,322239,6,289700,True,0.15969990740269943,MISMATCH,
poland_warszawa_2019_las,127,13,120905,13,120905,True,1.0,PASS,
poland_warszawa_2019_marysin-wawerski-polnocny,421,13,161719,4,152340,True,0.42525252525252527,MISMATCH,
poland_warszawa_2019_marysin-wawerski-poludniowy,85,2,27100,2,27100,True,1.0,PASS,
poland_warszawa_2019_miasto-ogrod-sadyba,1063,11,462911,7,453254,True,0.12319346497035732,MISMATCH,
poland_warszawa_2019_miedzeszyn,295,5,137672,3,134940,True,0.2892745075251322,MISMATCH,
poland_warszawa_2019_miedzylesie,466,10,179370,6,177150,True,0.2668223556108933,MISMATCH,
poland_warszawa_2019_muranow,182,2,920000,2,116100,True,1.0,PASS,
poland_warszawa_2019_nadwisle,205,7,135502,3,128035,True,1.0,PASS,
poland_warszawa_2019_obszar-3-marymont-potok-zoliborz-dziennikarski,606,12,527500,6,526020,True,0.08616113744075829,MISMATCH,
poland_warszawa_2019_obszar-4-piekielko-zeran-annopol,748,5,546512,5,546512,True,1.0,PASS,
poland_warszawa_2019_obszar-4-zoliborz-poludniowy,439,5,263750,3,239745,True,0.09986729857819905,MISMATCH,
poland_warszawa_2019_obszar-5-powazki,364,6,263750,2,263750,True,1.0,PASS,
poland_warszawa_2019_obszar-i-wilanow-wysoki-wilanow-niski-zachodni,242,7,459000,7,459000,True,1.0,PASS,
poland_warszawa_2019_obszar-iii-powsin-kepa-latoszkowa-zamosc-latoszki,154,7,220000,4,207150,True,0.20192307692307693,MISMATCH,
poland_warszawa_2019_piaski,558,9,900000,7,840248,True,0.6118421052631579,MISMATCH,
poland_warszawa_2019_przyczolek-grochowski,274,4,114339,1,92800,True,0.6682926829268294,MISMATCH,
poland_warszawa_2019_przywisle,1030,8,1120000,6,1083925,True,0.21458333333333332,MISMATCH,
poland_warszawa_2019_radiowo-wolka-weglowa-placowka-huta,142,1,200000,1,200000,True,1.0,PASS,
poland_warszawa_2019_radosc,185,5,151250,5,151250,True,1.0,PASS,
poland_warszawa_2019_rejon-poludniowy,929,13,1700000,13,1510825,True,1.0,PASS,
poland_warszawa_2019_ruda-marymont-las-bielanski,718,9,550000,5,543800,True,0.48954545454545456,MISMATCH,
poland_warszawa_2019_sadul,110,2,123500,2,123500,True,1.0,PASS,
poland_warszawa_2019_slodowiec,447,7,462000,7,461828,True,1.0,PASS,
poland_warszawa_2019_sluzew,663,8,670085,2,666505,True,0.4194308898514173,MISMATCH,
poland_warszawa_2019_srodmiescie-polnocne,396,9,1120000,9,933300,True,1.0,PASS,
poland_warszawa_2019_stara-ochota,631,9,373927,9,373927,True,1.0,PASS,
poland_warszawa_2019_stare-bielany,847,12,800000,9,765738,True,0.20292708333333334,MISMATCH,
poland_warszawa_2019_stare-miasto,413,9,920000,8,915220,True,1.0,PASS,
poland_warszawa_2019_subunit-wawer,287,6,136447,2,123000,True,0.37831602081918425,MISMATCH,
poland_warszawa_2019_zerzen,331,7,181561,7,181561,True,1.0,PASS,
poland_warszawa_2026_blonia-wilanowskie,593,12,846539,7,832180,True,1.0,PASS,
poland_warszawa_2026_boernerowo-lotnisko-fort-radiowo-groty,440,4,241868,2,208300,True,1.0,PASS,
poland_warszawa_2026_brodno-podgrodzie-zacisze,729,5,1209341,4,1199489,True,1.0,PASS,
poland_warszawa_2026_kobialka-grodzisk-brzeziny,1610,7,1451209,3,1244000,True,1.0,PASS,
poland_warszawa_2026_las-bielanski-marymont-ruda-marymont-kaskada,553,13,362802,5,360200,True,0.09626825593429388,MISMATCH,
poland_warszawa_2026_las-zerzen-wawer-sadul,1130,12,725604,7,716830,True,0.30610544599035927,MISMATCH,
poland_warszawa_2026_miedzylesie-radosc,777,13,604670,5,595098,True,0.21416640481584998,MISMATCH,
poland_warszawa_2026_mirow-czyste-odolany,2186,10,1693077,4,1682867,True,0.6509397477562504,MISMATCH,
poland_warszawa_2026_mlociny-wolka-weglowa-placowka-radiowo-huta,310,5,241868,2,233780,True,0.5081967213114754,MISMATCH,
poland_warszawa_2026_muranow-nowe-miasto-stare-miasto,501,8,967473,7,666920,True,0.2165529073256731,MISMATCH,
poland_warszawa_2026_nowodwory,2076,12,1209341,4,1111288,True,0.04614616688998655,MISMATCH,
poland_warszawa_2026_olszynka-grochowska-goclawek,538,6,846539,4,825631,True,0.5163672317518744,MISMATCH,
poland_warszawa_2026_powazki-nowolipki-mlynow,1013,13,1693077,9,1596100,True,0.16317788693173865,MISMATCH,
poland_warszawa_2026_siekierki-augustowka,315,6,241868,2,233155,True,1.0,PASS,
poland_warszawa_2026_sielce,259,1,846539,1,171000,True,1.0,PASS,
poland_warszawa_2026_sluzew,1055,7,1209341,4,775975,True,1.0,PASS,
poland_warszawa_2026_srodmiescie,2113,10,2176812,9,1953550,True,1.0,PASS,
poland_warszawa_2026_srodmiescie-polnocne,308,9,846539,7,833538,True,0.9095859730030158,MISMATCH,
poland_warszawa_2026_srodmiescie-poludniowe,620,13,967473,12,875320,True,1.0,PASS,
poland_warszawa_2026_stary-mokotow,1534,12,1209341,6,1204000,True,0.648809710336494,MISMATCH,
poland_warszawa_2026_stegny,891,12,846539,11,741630,True,1.0,PASS,
poland_warszawa_2026_tarchomin,948,9,967473,4,964880,True,0.16959328381972735,MISMATCH,
poland_warszawa_2026_wawrzyszew,857,13,483736,4,474875,True,0.418748318015687,MISMATCH,
poland_warszawa_2026_wilanow,1367,8,967473,8,711466,True,1.0,PASS,
poland_warszawa_2026_wlochy,2102,10,967473,7,963000,True,1.0,PASS,
poland_warszawa_2026_wrzeciono,629,12,725604,6,696112,True,0.17879070402037475,MISMATCH,
poland_warszawa_2026_wygledow-sluzewiec,598,3,725604,2,619500,True,0.9966666666666667,MISMATCH,
us_stanford-dataset_2021-22-cal-high-library-pb_vote-knapsacks,238,9,1300,1,1300,True,0.34326923076923077,MISMATCH,
us_stanford-dataset_2022-central-falls-high-school-participatory-budgeting-vote_vote-approvals,356,8,10000,2,9700,True,0.5313432835820896,MISMATCH,
us_stanford-dataset_2022-jersey-city-ward-b_vote-knapsacks,127,7,50000,1,50000,True,0.3735294117647059,MISMATCH,
us_stanford-dataset_2022-jersey-city-ward-c_vote-knapsacks,187,10,50000,1,50000,True,0.38958333333333334,MISMATCH,
us_stanford-dataset_2022-jersey-city-ward-d_vote-knapsacks,245,12,50000,1,50000,True,0.3951612903225806,MISMATCH,
us_stanford-dataset_2022-jersey-city-ward-e_vote-knapsacks,364,12,50000,3,50000,True,0.06442477876106195,MISMATCH,
us_stanford-dataset_2022-jersey-city-ward-f_vote-knapsacks,132,9,50000,5,50000,False,0.3384615384615385,EXPECTED,
us_stanford-dataset_cnycf-participatory-budgeting-project-2023_vote-approvals,449,4,150000,1,150000,True,0.2915584415584416,MISMATCH,
us_stanford-dataset_participatory-budgeting-project-pb2-2021-ballot_vote-approvals,129,12,26000,3,26000,True,1.0,PASS,
us_stanford-dataset_participatory-budgeting-project-pb2-2022-ballot_vote-approvals,166,6,20000,3,20000,True,1.0,PASS,
us_stanford-dataset_pb-chicago-10th-ward-2017_vote-approvals,107,6,1000000,1,1000000,True,0.3638,MISMATCH,
us_stanford-dataset_pb-chicago-29th-ward-2020_vote-approvals,106,7,1000000,1,1000000,True,0.03816,MISMATCH,
us_stanford-dataset_pb-chicago-29th-ward-2021_vote-approvals,274,8,1000000,1,1000000,True,0.21076923076923076,MISMATCH,
us_stanford-dataset_pb-chicago-33rd-ward-2020_vote-approvals,713,8,1000000,1,1000000,True,0.5941666666666666,MISMATCH,
us_stanford-dataset_pb-chicago-33rd-ward-2020_vote-knapsacks,234,8,1000000,1,1000000,True,0.8357142857142857,MISMATCH,
us_stanford-dataset_pb-chicago-33rd-ward-2021_vote-approvals,764,13,1000000,1,1000000,True,0.28296296296296297,MISMATCH,
us_stanford-dataset_pb-chicago-33rd-ward-2021_vote-knapsacks,267,13,1000000,1,1000000,True,0.445,MISMATCH,
us_stanford-dataset_pb-chicago-35th-ward-2019_vote-approvals,115,5,1000000,1,1000000,True,1.0,PASS,
us_stanford-dataset_pb-chicago-35th-ward-2021_vote-knapsacks,304,4,1000000,1,800000,True,0.7414634146341463,MISMATCH,
us_stanford-dataset_pb-chicago-36th-ward-2017_vote-approvals,158,8,1000000,1,1000000,True,1.0,PASS,
us_stanford-dataset_pb-chicago-36th-ward-2020_vote-approvals,497,8,1000000,1,1000000,True,1.0,PASS,
us_stanford-dataset_pb-chicago-36th-ward-2020_vote-knapsacks,214,8,1000000,1,1000000,True,0.93625,MISMATCH,
us_stanford-dataset_pb-chicago-39th-ward-2020_vote-approvals,946,13,500000,12,308900,True,0.41478461538461536,MISMATCH,
us_stanford-dataset_pb-chicago-39th-ward-2020_vote-knapsacks,280,13,500000,6,497700,True,0.48695652173913045,MISMATCH,
us_stanford-dataset_pb-chicago-40th-ward-2020_vote-approvals,246,6,1000000,1,1000000,True,1.0,PASS,
us_stanford-dataset_pb-chicago-40th-ward-2021_vote-approvals,679,7,1000000,1,1000000,True,1.0,PASS,
us_stanford-dataset_pb-chicago-40th-ward-2021_vote-knapsacks,246,7,1000000,1,1000000,True,1.0,PASS,
us_stanford-dataset_pb-chicago-47th-ward-2020_vote-approvals,1398,7,150000,4,149000,True,1.0,PASS,
us_stanford-dataset_pb-chicago-47th-ward-2020_vote-knapsacks,517,7,150000,4,149000,True,1.0,PASS,
us_stanford-dataset_pb-chicago-47th-ward-2021_vote-approvals,1358,5,250000,3,159000,True,1.0,PASS,
us_stanford-dataset_pb-chicago-47th-ward-2021_vote-knapsacks,447,5,250000,3,205000,True,1.0,PASS,
us_stanford-dataset_pb-chicago-47th-ward-2022-youth_vote-approvals,1521,5,200000,2,180000,True,0.5964705882352941,MISMATCH,
us_stanford-dataset_pb-chicago-47th-ward-2022-youth_vote-knapsacks,472,5,200000,2,170000,True,1.0,PASS,
us_stanford-dataset_pb-chicago-49th-ward-2015_vote-approvals,355,10,1000000,1,1000000,True,0.37275,MISMATCH,
us_stanford-dataset_pb-chicago-49th-ward-2016_vote-approvals,484,9,1000000,1,1000000,True,0.5485333333333333,MISMATCH,
us_stanford-dataset_pb-chicago-49th-ward-2017_vote-approvals,811,9,1000000,1,1000000,True,0.2146764705882353,MISMATCH,
us_stanford-dataset_pb-chicago-49th-ward-2018_vote-approvals,572,8,1000000,1,1000000,True,0.728,MISMATCH,
us_stanford-dataset_pb-chicago-49th-ward-2019_vote-approvals,609,11,1000000,1,1000000,True,0.32052631578947366,MISMATCH,
us_stanford-dataset_pb-chicago-49th-ward-2020_vote-approvals,320,5,1000000,1,1000000,True,0.96,MISMATCH,
us_stanford-dataset_pb-greensboro-district-1-2019_vote-knapsacks,439,7,100000,4,94500,True,0.7839285714285714,MISMATCH,
us_stanford-dataset_pb-greensboro-district-2-2019_vote-knapsacks,469,7,100000,4,98000,True,1.0,PASS,
us_stanford-dataset_pb-greensboro-district-3-2019_vote-knapsacks,1365,6,100000,3,93000,True,1.0,PASS,
us_stanford-dataset_pb-greensboro-district-4-2019_vote-knapsacks,1249,6,100000,3,96000,True,0.8271523178807947,MISMATCH,
us_stanford-dataset_pb-greensboro-district-5-2019_vote-knapsacks,518,5,100000,4,98000,True,1.0,PASS,
us_stanford-dataset_pb-long-beach-district-9-2015_vote-approvals,229,11,250000,3,230000,True,1.0,PASS,
us_stanford-dataset_pb-long-beach-district-9-2016_vote-approvals,162,9,250000,3,210000,True,1.0,PASS,
us_stanford-dataset_pb-merced-county-district-2-2018_vote-approvals,677,10,40000,4,37000,True,1.0,PASS,
us_stanford-dataset_pb-north-east-san-fernando-valley-2021_vote-approvals,996,11,180000,4,180000,True,1.0,PASS,
us_stanford-dataset_pb-oakland-2017-district-1_vote-approvals,550,8,227308,8,8,True,1.0,PASS,
us_stanford-dataset_pb-vallejo-2018_vote-approvals,2450,10,1000000,9,928450,True,1.0,PASS,
us_stanford-dataset_pb-vallejo-2019-2_vote-approvals,1687,12,1000000,11,940653,True,0.7331961538461539,MISMATCH,
us_stanford-dataset_pb-vallejo-2021_vote-approvals,1709,11,500000,7,485038,True,1.0,PASS,
us_stanford-dataset_your-voice-your-choice-parks-and-streets-seattle-2017-district-1_vote-approvals,507,9,285000,3,265700,True,1.0,PASS,
us_stanford-dataset_your-voice-your-choice-parks-and-streets-seattle-2017-district-2_vote-approvals,820,9,285000,5,282500,True,0.6905263157894737,MISMATCH,
us_stanford-dataset_your-voice-your-choice-parks-and-streets-seattle-2017-district-3_vote-approvals,431,10,285000,4,270000,True,1.0,PASS,
us_stanford-dataset_your-voice-your-choice-parks-and-streets-seattle-2017-district-4_vote-approvals,594,9,285000,7,282770,True,0.47368421052631576,MISMATCH,
us_stanford-dataset_your-voice-your-choice-parks-and-streets-seattle-2017-district-5_vote-approvals,1431,10,285000,3,268200,True,0.6650400836528407,MISMATCH,
us_stanford-dataset_your-voice-your-choice-parks-and-streets-seattle-2017-district-6_vote-approvals,872,8,285000,7,276030,True,1.0,PASS,
us_stanford-dataset_your-voice-your-choice-parks-and-streets-seattle-2017-district-7_vote-approvals,666,10,285000,3,242899,True,1.0,PASS,
us_stanford-dataset_your-voice-your-choice-parks-and-streets-seattle-2018-district-1_vote-approvals,599,11,285000,6,282500,True,0.1355970571590266,MISMATCH,
us_stanford-dataset_your-voice-your-choice-parks-and-streets-seattle-2018-district-3_vote-approvals,563,10,285000,7,282898,True,1.0,PASS,
us_stanford-dataset_your-voice-your-choice-parks-and-streets-seattle-2018-district-4_vote-approvals,682,9,285000,4,257870,True,1.0,PASS,
us_stanford-dataset_your-voice-your-choice-parks-and-streets-seattle-2018-district-5_vote-approvals,590,11,285000,7,256070,True,0.06469298245614036,MISMATCH,
us_stanford-dataset_your-voice-your-choice-parks-and-streets-seattle-2018-district-6_vote-approvals,903,11,285000,6,282500,True,0.6099210526315789,MISMATCH,
us_stanford-dataset_your-voice-your-choice-parks-and-streets-seattle-2018-district-7_vote-approvals,541,10,285000,3,270000,True,1.0,PASS,
us_stanford-dataset_your-voice-your-choice-parks-and-streets-seattle-2019-district-1_vote-approvals,994,11,190476,4,190000,True,0.47440956531865625,MISMATCH,
us_stanford-dataset_your-voice-your-choice-parks-and-streets-seattle-2019-district-1_vote-knapsacks,232,11,190476,6,170000,True,1.0,PASS,
us_stanford-dataset_your-voice-your-choice-parks-and-streets-seattle-2019-district-2_vote-approvals,336,8,190476,3,185800,True,1.0,PASS,
us_stanford-dataset_your-voice-your-choice-parks-and-streets-seattle-2019-district-3_vote-approvals,696,10,190476,4,144500,True,0.2635098788944943,MISMATCH,
us_stanford-dataset_your-voice-your-choice-parks-and-streets-seattle-2019-district-3_vote-knapsacks,175,10,190476,4,155000,True,1.0,PASS,
us_stanford-dataset_your-voice-your-choice-parks-and-streets-seattle-2019-district-4_vote-approvals,287,6,190476,3,180000,True,0.6239130434782609,MISMATCH,
us_stanford-dataset_your-voice-your-choice-parks-and-streets-seattle-2019-district-5_vote-approvals,604,8,190476,2,179000,True,0.43737974772457533,MISMATCH,
us_stanford-dataset_your-voice-your-choice-parks-and-streets-seattle-2019-district-5_vote-knapsacks,149,8,190476,4,144600,True,0.9675324675324676,MISMATCH,
us_stanford-dataset_your-voice-your-choice-parks-and-streets-seattle-2019-district-6_vote-approvals,905,10,190476,4,179600,True,0.858660497214714,MISMATCH,
us_stanford-dataset_your-voice-your-choice-parks-and-streets-seattle-2019-district-6_vote-knapsacks,221,10,190476,4,176600,True,1.0,PASS,
us_stanford-dataset_your-voice-your-choice-parks-and-streets-seattle-2019-district-7_vote-approvals,272,8,190476,3,145000,True,0.7157894736842105,MISMATCH,
